Date,sentiment_score
2015-01-02,-0.8473113998770714
2015-01-04,-0.8473113998770714
2015-01-05,-0.44561822433024645
2015-01-07,0.31221093982458115
2015-01-08,0.31221093982458115
2015-01-11,-0.8887831978499889
2015-01-12,0.5120114050805569
2015-01-14,0.26428214367479086
2015-01-16,0.5120114050805569
2015-01-17,0.26428214367479086
2015-01-18,-0.8887831978499889
2015-01-20,-0.34961651265621185
2015-01-21,0.12451675161719322
2015-01-22,-0.9077893309295177
2015-01-23,0.01655288226902485
2015-01-24,0.31221093982458115
2015-01-27,0.5120114050805569
2015-01-28,0.31826407834887505
2015-01-30,-0.8473113998770714
2015-02-02,0.12451675161719322
2015-02-03,-0.9077893309295177
2015-02-04,0.17054403945803642
2015-02-05,0.5120114050805569
2015-02-06,-0.3613973241299391
2015-02-07,0.12451675161719322
2015-02-09,-0.8697770647704601
2015-02-11,-0.8775503654032946
2015-02-13,0.412111172452569
2015-02-14,-0.8473113998770714
2015-02-15,-0.36862264573574066
2015-02-17,0.17054403945803642
2015-02-18,-0.36862264573574066
2015-02-20,0.5120114050805569
2015-02-21,0.5120114050805569
2015-02-22,0.5120114050805569
2015-02-23,0.01655288226902485
2015-02-24,0.12451675161719322
2015-02-25,0.12451675161719322
2015-02-26,0.5120114050805569
2015-03-01,0.12451675161719322
2015-03-03,-0.9077893309295177
2015-03-06,-0.9077893309295177
2015-03-11,-0.41537925880402327
2015-03-12,0.12451675161719322
2015-03-13,0.34127772226929665
2015-03-15,0.21836384572088718
2015-03-16,-0.36862264573574066
2015-03-17,0.01655288226902485
2015-03-18,0.01655288226902485
2015-03-20,0.12451675161719322
2015-03-21,0.31221093982458115
2015-03-23,0.12451675161719322
2015-03-25,0.12451675161719322
2015-03-26,-0.3383836802095175
2015-03-27,0.21836384572088718
2015-03-29,-0.34961651265621185
2015-03-30,0.5120114050805569
2015-04-01,-0.8887831978499889
2015-04-02,-0.41537925880402327
2015-04-03,-0.9077893309295177
2015-04-04,0.17054403945803642
2015-04-05,0.21836384572088718
2015-04-06,-0.42661209125071764
2015-04-07,0.01655288226902485
2015-04-08,-0.17888282984495163
2015-04-11,0.5120114050805569
2015-04-13,0.07053481694310904
2015-04-14,0.24137748964130878
2015-04-15,0.09354846086353064
2015-04-16,0.01655288226902485
2015-04-17,-0.2977891955524683
2015-04-18,-0.2675502300262451
2015-04-19,-0.2675502300262451
2015-04-20,-0.8697770647704601
2015-04-22,-0.2977891955524683
2015-04-23,-0.8473113998770714
2015-04-24,0.01655288226902485
2015-04-26,0.31221093982458115
2015-04-27,0.164381911046803
2015-04-28,0.21836384572088718
2015-04-30,0.17054403945803642
2015-05-03,-0.8585442323237658
2015-05-04,-0.8585442323237658
2015-05-06,-0.16764999739825726
2015-05-07,-0.34961651265621185
2015-05-08,0.31221093982458115
2015-05-09,0.26428214367479086
2015-05-10,0.34127772226929665
2015-05-11,-0.44561822433024645
2015-05-12,0.164381911046803
2015-05-13,0.21836384572088718
2015-05-14,-0.44561822433024645
2015-05-16,-0.9077893309295177
2015-05-17,-0.2675502300262451
2015-05-18,-0.8697770647704601
2015-05-19,-0.8473113998770714
2015-05-21,0.24137748964130878
2015-05-22,-0.8697770647704601
2015-05-23,-0.34961651265621185
2015-05-24,-0.17888282984495163
2015-05-26,0.24137748964130878
2015-05-28,0.31221093982458115
2015-05-30,-0.8697770647704601
2015-05-31,0.12451675161719322
2015-06-01,0.5120114050805569
2015-06-02,0.14753039553761482
2015-06-03,-0.8473113998770714
2015-06-04,-0.9077893309295177
2015-06-05,-0.8697770647704601
2015-06-08,0.5120114050805569
2015-06-09,-0.8585442323237658
2015-06-10,0.31221093982458115
2015-06-12,0.31221093982458115
2015-06-13,-0.8887831978499889
2015-06-14,0.31221093982458115
2015-06-15,0.5120114050805569
2015-06-16,-0.8473113998770714
2015-06-18,0.5120114050805569
2015-06-20,0.01655288226902485
2015-06-21,0.17054403945803642
2015-06-22,0.17054403945803642
2015-06-23,0.31221093982458115
2015-06-24,0.17054403945803642
2015-06-29,-0.19788896292448044
2015-06-30,0.07053481694310904
2015-07-01,-0.44561822433024645
2015-07-02,-0.9077893309295177
2015-07-03,0.17054403945803642
2015-07-05,-0.9077893309295177
2015-07-06,-0.3383836802095175
2015-07-07,0.31221093982458115
2015-07-08,0.01655288226902485
2015-07-09,-0.42661209125071764
2015-07-10,0.17054403945803642
2015-07-11,0.09354846086353064
2015-07-12,0.01655288226902485
2015-07-13,-0.19788896292448044
2015-07-14,-0.42661209125071764
2015-07-15,-0.8887831978499889
2015-07-18,0.31221093982458115
2015-07-19,-0.8697770647704601
2015-07-20,0.31221093982458115
2015-07-23,-0.17888282984495163
2015-07-24,0.17054403945803642
2015-07-25,-0.8697770647704601
2015-07-26,0.01655288226902485
2015-07-27,-0.8697770647704601
2015-07-28,-0.8473113998770714
2015-07-29,0.5120114050805569
2015-07-30,0.24137748964130878
2015-07-31,0.17054403945803642
2015-08-01,0.31221093982458115
2015-08-03,-0.41537925880402327
2015-08-04,0.26428214367479086
2015-08-06,0.01655288226902485
2015-08-07,0.5120114050805569
2015-08-09,0.31826407834887505
2015-08-11,-0.36862264573574066
2015-08-12,0.31221093982458115
2015-08-13,-0.41537925880402327
2015-08-15,0.412111172452569
2015-08-16,0.01655288226902485
2015-08-18,-0.42661209125071764
2015-08-20,0.17054403945803642
2015-08-21,-0.16764999739825726
2015-08-22,-0.3613973241299391
2015-08-23,-0.8775503654032946
2015-08-24,-0.3383836802095175
2015-08-25,0.01655288226902485
2015-08-27,0.31221093982458115
2015-08-28,-0.34961651265621185
2015-08-29,0.12451675161719322
2015-08-31,-0.3383836802095175
2015-09-01,0.26428214367479086
2015-09-03,-0.8473113998770714
2015-09-04,0.34127772226929665
2015-09-05,0.12451675161719322
2015-09-06,0.12451675161719322
2015-09-07,0.31826407834887505
2015-09-09,-0.8473113998770714
2015-09-11,0.09354846086353064
2015-09-12,0.17054403945803642
2015-09-13,-0.3383836802095175
2015-09-16,-0.39163628965616226
2015-09-17,-0.8697770647704601
2015-09-18,0.31221093982458115
2015-09-20,0.31221093982458115
2015-09-21,0.31221093982458115
2015-09-22,0.34127772226929665
2015-09-23,0.164381911046803
2015-09-24,0.01655288226902485
2015-09-27,-0.8775503654032946
2015-10-01,-0.19788896292448044
2015-10-02,-0.44561822433024645
2015-10-05,0.17054403945803642
2015-10-06,0.31221093982458115
2015-10-08,0.5120114050805569
2015-10-10,-0.9077893309295177
2015-10-11,-0.8585442323237658
2015-10-12,-0.8697770647704601
2015-10-13,-0.17888282984495163
2015-10-14,0.12451675161719322
2015-10-15,-0.8473113998770714
2015-10-17,0.31221093982458115
2015-10-18,-0.8473113998770714
2015-10-19,-0.3383836802095175
2015-10-21,0.12451675161719322
2015-10-22,-0.8775503654032946
2015-10-24,-0.36862264573574066
2015-10-25,-0.8887831978499889
2015-10-28,0.12451675161719322
2015-10-30,-0.2787830624729395
2015-11-01,0.31221093982458115
2015-11-05,0.12451675161719322
2015-11-06,0.01655288226902485
2015-11-07,-0.8697770647704601
2015-11-08,0.17054403945803642
2015-11-11,0.31221093982458115
2015-11-12,-0.34961651265621185
2015-11-13,-0.41537925880402327
2015-11-17,0.34127772226929665
2015-11-18,-0.34961651265621185
2015-11-19,-0.37263015657663345
2015-11-21,-0.44561822433024645
2015-11-22,-0.42661209125071764
2015-11-23,-0.8585442323237658
2015-11-24,0.21836384572088718
2015-11-25,0.17054403945803642
2015-11-26,0.31221093982458115
2015-11-27,-0.34961651265621185
2015-11-28,-0.39163628965616226
2015-11-29,-0.9077893309295177
2015-11-30,-0.2787830624729395
2015-12-02,-0.8473113998770714
2015-12-04,-0.8473113998770714
2015-12-05,-0.8697770647704601
2015-12-07,-0.41537925880402327
2015-12-08,0.01655288226902485
2015-12-09,-0.9077893309295177
2015-12-12,0.17054403945803642
2015-12-13,-0.42661209125071764
2015-12-15,0.12451675161719322
2015-12-17,0.01655288226902485
2015-12-19,0.412111172452569
2015-12-20,0.01655288226902485
2015-12-21,0.31221093982458115
2015-12-22,0.26428214367479086
2015-12-23,0.26428214367479086
2015-12-24,-0.2787830624729395
2015-12-25,0.34127772226929665
2015-12-29,0.26428214367479086
2015-12-31,-0.8473113998770714
2016-01-03,0.17054403945803642
2016-01-04,0.5120114050805569
2016-01-05,-0.34961651265621185
2016-01-06,-0.8473113998770714
2016-01-08,0.31221093982458115
2016-01-09,0.31221093982458115
2016-01-10,0.09354846086353064
2016-01-11,-0.8697770647704601
2016-01-14,-0.8697770647704601
2016-01-15,0.31221093982458115
2016-01-16,0.17054403945803642
2016-01-17,0.12451675161719322
2016-01-18,-0.41537925880402327
2016-01-20,-0.8887831978499889
2016-01-22,-0.17888282984495163
2016-01-24,-0.8473113998770714
2016-01-25,0.01655288226902485
2016-01-27,-0.2787830624729395
2016-01-28,0.12451675161719322
2016-01-29,0.5120114050805569
2016-01-30,0.01655288226902485
2016-02-02,0.31826407834887505
2016-02-03,0.01655288226902485
2016-02-06,0.01655288226902485
2016-02-08,-0.17888282984495163
2016-02-09,-0.8697770647704601
2016-02-10,-0.8887831978499889
2016-02-13,0.5120114050805569
2016-02-14,-0.2977891955524683
2016-02-15,0.31221093982458115
2016-02-16,-0.3383836802095175
2016-02-17,-0.8473113998770714
2016-02-18,-0.9077893309295177
2016-02-21,-0.3383836802095175
2016-02-22,0.12451675161719322
2016-02-24,0.26428214367479086
2016-02-26,-0.9077893309295177
2016-02-27,0.31826407834887505
2016-02-28,0.21836384572088718
2016-03-01,-0.39163628965616226
2016-03-02,0.14753039553761482
2016-03-04,-0.34961651265621185
2016-03-06,-0.8473113998770714
2016-03-07,-0.8887831978499889
2016-03-09,-0.9077893309295177
2016-03-12,-0.8697770647704601
2016-03-15,0.31826407834887505
2016-03-18,-0.17888282984495163
2016-03-19,0.01655288226902485
2016-03-21,0.17054403945803642
2016-03-22,0.5120114050805569
2016-03-24,0.5120114050805569
2016-03-25,-0.9077893309295177
2016-03-26,0.5120114050805569
2016-03-27,0.12451675161719322
2016-03-29,0.17054403945803642
2016-03-30,0.24137748964130878
2016-03-31,0.31221093982458115
2016-04-02,-0.9077893309295177
2016-04-03,0.24137748964130878
2016-04-05,-0.9077893309295177
2016-04-06,0.5120114050805569
2016-04-07,-0.2787830624729395
2016-04-08,-0.8697770647704601
2016-04-10,-0.8473113998770714
2016-04-11,-0.44561822433024645
2016-04-13,0.412111172452569
2016-04-15,0.31826407834887505
2016-04-16,-0.2675502300262451
2016-04-17,-0.9077893309295177
2016-04-18,-0.41537925880402327
2016-04-20,-0.17888282984495163
2016-04-21,0.5120114050805569
2016-04-22,0.31826407834887505
2016-04-24,0.5120114050805569
2016-04-26,0.5120114050805569
2016-04-27,-0.2675502300262451
2016-04-28,-0.42661209125071764
2016-04-29,-0.8473113998770714
2016-05-01,-0.8473113998770714
2016-05-03,0.5120114050805569
2016-05-04,0.31221093982458115
2016-05-05,-0.3383836802095175
2016-05-07,-0.8473113998770714
2016-05-11,-0.8473113998770714
2016-05-12,-0.39163628965616226
2016-05-13,0.17054403945803642
2016-05-14,0.31221093982458115
2016-05-16,-0.8473113998770714
2016-05-20,-0.34961651265621185
2016-05-22,0.31826407834887505
2016-05-26,0.26428214367479086
2016-05-28,-0.9077893309295177
2016-05-31,-0.2977891955524683
2016-06-01,-0.19788896292448044
2016-06-03,0.17054403945803642
2016-06-04,-0.2787830624729395
2016-06-05,0.12451675161719322
2016-06-06,0.12451675161719322
2016-06-07,-0.8473113998770714
2016-06-08,0.12451675161719322
2016-06-10,0.412111172452569
2016-06-11,-0.9077893309295177
2016-06-12,0.5120114050805569
2016-06-18,-0.8697770647704601
2016-06-21,0.5120114050805569
2016-06-22,0.412111172452569
2016-06-23,-0.42661209125071764
2016-06-24,-0.8697770647704601
2016-06-25,-0.8697770647704601
2016-06-26,-0.8887831978499889
2016-06-27,-0.8473113998770714
2016-06-29,0.14753039553761482
2016-07-01,0.17054403945803642
2016-07-02,0.31221093982458115
2016-07-04,-0.3613973241299391
2016-07-07,0.12451675161719322
2016-07-09,0.17054403945803642
2016-07-11,0.01655288226902485
2016-07-12,0.14753039553761482
2016-07-17,-0.8697770647704601
2016-07-18,0.12451675161719322
2016-07-19,-0.41537925880402327
2016-07-20,-0.8887831978499889
2016-07-22,0.412111172452569
2016-07-25,0.12451675161719322
2016-07-26,-0.3383836802095175
2016-07-27,-0.37263015657663345
2016-07-29,-0.8697770647704601
2016-07-30,-0.34961651265621185
2016-08-01,-0.9077893309295177
2016-08-02,-0.8887831978499889
2016-08-06,-0.9077893309295177
2016-08-07,-0.2675502300262451
2016-08-08,-0.42661209125071764
2016-08-10,-0.42661209125071764
2016-08-12,-0.8697770647704601
2016-08-13,-0.8697770647704601
2016-08-14,0.12451675161719322
2016-08-16,0.12451675161719322
2016-08-17,0.31221093982458115
2016-08-21,0.412111172452569
2016-08-22,-0.8473113998770714
2016-08-23,0.07053481694310904
2016-08-25,0.5120114050805569
2016-08-26,0.17054403945803642
2016-08-27,-0.8887831978499889
2016-08-28,-0.9077893309295177
2016-08-29,-0.8775503654032946
2016-08-30,-0.9077893309295177
2016-08-31,-0.9077893309295177
2016-09-02,0.5120114050805569
2016-09-03,0.412111172452569
2016-09-05,0.5120114050805569
2016-09-06,-0.19788896292448044
2016-09-07,-0.8775503654032946
2016-09-08,0.24137748964130878
2016-09-09,-0.17888282984495163
2016-09-11,-0.42661209125071764
2016-09-13,-0.8473113998770714
2016-09-15,-0.19788896292448044
2016-09-16,0.01655288226902485
2016-09-17,-0.8887831978499889
2016-09-21,0.31826407834887505
2016-09-22,0.12451675161719322
2016-09-23,-0.8473113998770714
2016-09-24,-0.17888282984495163
2016-09-27,0.31221093982458115
2016-09-30,-0.9077893309295177
2016-10-03,-0.36862264573574066
2016-10-04,0.14753039553761482
2016-10-05,0.12451675161719322
2016-10-06,-0.8775503654032946
2016-10-08,-0.9077893309295177
2016-10-11,0.01655288226902485
2016-10-12,0.164381911046803
2016-10-13,-0.2675502300262451
2016-10-15,-0.9077893309295177
2016-10-16,0.12451675161719322
2016-10-17,0.412111172452569
2016-10-18,0.12451675161719322
2016-10-19,-0.8775503654032946
2016-10-20,-0.16764999739825726
2016-10-21,-0.8697770647704601
2016-10-22,0.17054403945803642
2016-10-24,0.12451675161719322
2016-10-25,-0.16764999739825726
2016-10-26,0.164381911046803
2016-10-27,-0.37263015657663345
2016-10-28,-0.16764999739825726
2016-10-29,0.17054403945803642
2016-10-30,0.31221093982458115
2016-10-31,-0.36862264573574066
2016-11-01,-0.19788896292448044
2016-11-03,-0.9077893309295177
2016-11-04,-0.9077893309295177
2016-11-05,-0.8887831978499889
2016-11-08,-0.2977891955524683
2016-11-09,0.01655288226902485
2016-11-10,-0.8697770647704601
2016-11-11,0.17054403945803642
2016-11-12,0.21836384572088718
2016-11-15,0.12451675161719322
2016-11-16,0.17054403945803642
2016-11-17,0.01655288226902485
2016-11-20,0.31221093982458115
2016-11-25,-0.8473113998770714
2016-11-26,0.5120114050805569
2016-11-27,0.5120114050805569
2016-11-28,0.24137748964130878
2016-11-30,-0.8697770647704601
2016-12-01,0.17054403945803642
2016-12-05,0.5120114050805569
2016-12-06,-0.9077893309295177
2016-12-09,-0.9077893309295177
2016-12-11,-0.8887831978499889
2016-12-14,0.31221093982458115
2016-12-16,0.31826407834887505
2016-12-18,-0.2675502300262451
2016-12-19,-0.9077893309295177
2016-12-20,-0.8697770647704601
2016-12-21,-0.8887831978499889
2016-12-22,-0.3383836802095175
2016-12-25,-0.16764999739825726
2016-12-26,-0.8887831978499889
2016-12-27,-0.8473113998770714
2016-12-29,-0.9077893309295177
2016-12-30,0.31221093982458115
2016-12-31,0.164381911046803
2017-01-01,0.12451675161719322
2017-01-02,0.17054403945803642
2017-01-04,0.412111172452569
2017-01-05,0.01655288226902485
2017-01-06,-0.8473113998770714
2017-01-08,-0.3613973241299391
2017-01-09,-0.9077893309295177
2017-01-10,-0.16764999739825726
2017-01-12,0.17054403945803642
2017-01-13,0.17054403945803642
2017-01-14,-0.8697770647704601
2017-01-16,-0.37263015657663345
2017-01-18,-0.9077893309295177
2017-01-21,0.01655288226902485
2017-01-22,0.17054403945803642
2017-01-23,0.34127772226929665
2017-01-24,0.12451675161719322
2017-01-25,-0.8775503654032946
2017-01-26,-0.8697770647704601
2017-01-27,-0.2675502300262451
2017-01-29,-0.9077893309295177
2017-01-31,0.01655288226902485
2017-02-01,-0.36862264573574066
2017-02-02,0.17054403945803642
2017-02-05,0.01655288226902485
2017-02-07,-0.34961651265621185
2017-02-10,-0.42661209125071764
2017-02-11,-0.2675502300262451
2017-02-12,-0.8697770647704601
2017-02-13,0.12451675161719322
2017-02-14,0.17054403945803642
2017-02-15,0.01655288226902485
2017-02-16,0.5120114050805569
2017-02-17,0.164381911046803
2017-02-18,-0.2787830624729395
2017-02-19,0.31221093982458115
2017-02-20,0.5120114050805569
2017-02-22,-0.9077893309295177
2017-02-23,0.01655288226902485
2017-02-24,-0.8473113998770714
2017-02-25,-0.19788896292448044
2017-02-26,-0.39163628965616226
2017-02-27,-0.2787830624729395
2017-02-28,-0.2787830624729395
2017-03-01,0.31221093982458115
2017-03-02,-0.34961651265621185
2017-03-03,-0.8887831978499889
2017-03-05,-0.8473113998770714
2017-03-07,0.164381911046803
2017-03-08,-0.8473113998770714
2017-03-10,-0.44561822433024645
2017-03-11,0.164381911046803
2017-03-12,0.12451675161719322
2017-03-14,0.31221093982458115
2017-03-16,-0.41537925880402327
2017-03-17,-0.16764999739825726
2017-03-19,-0.8473113998770714
2017-03-22,-0.8585442323237658
2017-03-23,-0.2977891955524683
2017-03-24,0.09354846086353064
2017-03-25,0.07053481694310904
2017-03-27,0.01655288226902485
2017-04-01,-0.8473113998770714
2017-04-02,0.21836384572088718
2017-04-04,0.5120114050805569
2017-04-08,0.412111172452569
2017-04-10,0.01655288226902485
2017-04-11,0.12451675161719322
2017-04-12,-0.8473113998770714
2017-04-14,-0.3613973241299391
2017-04-15,-0.9077893309295177
2017-04-17,0.12451675161719322
2017-04-20,-0.2977891955524683
2017-04-24,-0.8887831978499889
2017-04-25,0.31221093982458115
2017-04-29,-0.9077893309295177
2017-04-30,-0.3383836802095175
2017-05-02,0.5120114050805569
2017-05-04,0.26428214367479086
2017-05-05,-0.9077893309295177
2017-05-06,-0.8775503654032946
2017-05-08,0.09354846086353064
2017-05-09,0.5120114050805569
2017-05-11,0.31221093982458115
2017-05-13,0.31221093982458115
2017-05-14,0.09354846086353064
2017-05-15,0.12451675161719322
2017-05-16,-0.17888282984495163
2017-05-18,-0.42661209125071764
2017-05-21,-0.16764999739825726
2017-05-22,0.31221093982458115
2017-05-24,0.17054403945803642
2017-05-26,0.01655288226902485
2017-05-27,0.01655288226902485
2017-05-29,0.12451675161719322
2017-05-31,-0.3613973241299391
2017-06-01,-0.8697770647704601
2017-06-05,0.12451675161719322
2017-06-06,-0.9077893309295177
2017-06-07,0.21836384572088718
2017-06-08,0.31221093982458115
2017-06-09,-0.8473113998770714
2017-06-10,0.17054403945803642
2017-06-12,-0.8473113998770714
2017-06-13,-0.42661209125071764
2017-06-16,-0.9077893309295177
2017-06-17,-0.39163628965616226
2017-06-18,0.31221093982458115
2017-06-19,0.31221093982458115
2017-06-20,-0.19788896292448044
2017-06-22,0.31221093982458115
2017-06-23,-0.3383836802095175
2017-06-24,0.5120114050805569
2017-06-25,0.01655288226902485
2017-06-27,-0.9077893309295177
2017-06-28,-0.8473113998770714
2017-06-29,0.12451675161719322
2017-06-30,-0.2675502300262451
2017-07-01,-0.44561822433024645
2017-07-02,0.34127772226929665
2017-07-05,-0.8697770647704601
2017-07-06,0.5120114050805569
2017-07-07,-0.9077893309295177
2017-07-08,-0.8697770647704601
2017-07-09,0.14753039553761482
2017-07-14,-0.2977891955524683
2017-07-15,0.01655288226902485
2017-07-16,0.14753039553761482
2017-07-18,-0.2675502300262451
2017-07-19,0.24137748964130878
2017-07-20,-0.9077893309295177
2017-07-21,-0.9077893309295177
2017-07-23,-0.16764999739825726
2017-07-27,-0.2675502300262451
2017-07-28,-0.2977891955524683
2017-07-29,-0.44561822433024645
2017-07-30,0.01655288226902485
2017-08-02,-0.2787830624729395
2017-08-03,-0.44561822433024645
2017-08-05,-0.41537925880402327
2017-08-06,-0.8585442323237658
2017-08-07,-0.44561822433024645
2017-08-09,0.5120114050805569
2017-08-11,0.12451675161719322
2017-08-13,0.01655288226902485
2017-08-14,-0.8473113998770714
2017-08-15,-0.8697770647704601
2017-08-16,0.01655288226902485
2017-08-19,0.31221093982458115
2017-08-20,-0.3613973241299391
2017-08-21,0.17054403945803642
2017-08-22,0.12451675161719322
2017-08-23,-0.2787830624729395
2017-08-24,-0.8697770647704601
2017-08-25,-0.34961651265621185
2017-08-26,0.17054403945803642
2017-08-29,-0.44561822433024645
2017-08-31,0.31221093982458115
2017-09-03,-0.3383836802095175
2017-09-05,-0.44561822433024645
2017-09-06,-0.8473113998770714
2017-09-07,-0.8697770647704601
2017-09-09,-0.8697770647704601
2017-09-10,-0.37263015657663345
2017-09-13,0.164381911046803
2017-09-16,0.412111172452569
2017-09-18,-0.9077893309295177
2017-09-22,0.5120114050805569
2017-09-23,0.31221093982458115
2017-09-24,-0.39163628965616226
2017-09-26,0.09354846086353064
2017-09-27,-0.42661209125071764
2017-09-29,-0.44561822433024645
2017-10-02,-0.8697770647704601
2017-10-03,-0.8887831978499889
2017-10-04,-0.2977891955524683
2017-10-06,0.5120114050805569
2017-10-07,-0.34961651265621185
2017-10-08,0.21836384572088718
2017-10-09,-0.9077893309295177
2017-10-10,0.07053481694310904
2017-10-12,0.31826407834887505
2017-10-13,-0.8697770647704601
2017-10-14,0.5120114050805569
2017-10-16,-0.2977891955524683
2017-10-17,0.31221093982458115
2017-10-18,-0.2787830624729395
2017-10-19,-0.2675502300262451
2017-10-20,0.31221093982458115
2017-10-22,0.31221093982458115
2017-10-23,0.31221093982458115
2017-10-24,0.5120114050805569
2017-10-25,-0.8697770647704601
2017-10-26,-0.9077893309295177
2017-10-28,0.5120114050805569
2017-10-31,0.5120114050805569
2017-11-01,0.12451675161719322
2017-11-02,0.01655288226902485
2017-11-03,-0.34961651265621185
2017-11-04,0.26428214367479086
2017-11-05,-0.8697770647704601
2017-11-07,0.12451675161719322
2017-11-08,0.17054403945803642
2017-11-09,0.12451675161719322
2017-11-10,0.31221093982458115
2017-11-11,0.24137748964130878
2017-11-12,-0.9077893309295177
2017-11-13,0.07053481694310904
2017-11-14,0.5120114050805569
2017-11-16,0.09354846086353064
2017-11-17,0.31826407834887505
2017-11-20,-0.2977891955524683
2017-11-21,-0.39163628965616226
2017-11-23,-0.9077893309295177
2017-11-24,-0.2675502300262451
2017-11-25,-0.8473113998770714
2017-11-29,-0.8473113998770714
2017-11-30,-0.8473113998770714
2017-12-01,0.26428214367479086
2017-12-03,-0.3613973241299391
2017-12-05,0.31221093982458115
2017-12-08,0.5120114050805569
2017-12-09,-0.2675502300262451
2017-12-10,-0.39163628965616226
2017-12-11,0.34127772226929665
2017-12-13,-0.9077893309295177
2017-12-14,0.01655288226902485
2017-12-15,-0.8697770647704601
2017-12-16,0.31221093982458115
2017-12-17,-0.8697770647704601
2017-12-18,-0.9077893309295177
2017-12-20,-0.8473113998770714
2017-12-21,-0.37263015657663345
2017-12-22,-0.9077893309295177
2017-12-24,0.12451675161719322
2017-12-26,0.31826407834887505
2017-12-28,0.34127772226929665
2017-12-29,0.21836384572088718
2017-12-30,0.5120114050805569
2017-12-31,-0.36862264573574066
2018-01-01,0.5120114050805569
2018-01-03,0.01655288226902485
2018-01-05,0.31221093982458115
2018-01-07,0.09354846086353064
2018-01-08,0.24137748964130878
2018-01-11,0.12451675161719322
2018-01-12,0.01655288226902485
2018-01-14,-0.16764999739825726
2018-01-17,-0.16764999739825726
2018-01-18,0.12451675161719322
2018-01-19,-0.8473113998770714
2018-01-20,0.17054403945803642
2018-01-21,-0.19788896292448044
2018-01-22,0.17054403945803642
2018-01-24,0.31826407834887505
2018-01-26,-0.2787830624729395
2018-01-27,0.12451675161719322
2018-01-28,-0.44561822433024645
2018-01-29,-0.8473113998770714
2018-01-30,0.26428214367479086
2018-01-31,0.26428214367479086
2018-02-01,0.01655288226902485
2018-02-03,0.17054403945803642
2018-02-04,0.17054403945803642
2018-02-05,-0.44561822433024645
2018-02-06,0.17054403945803642
2018-02-07,-0.2675502300262451
2018-02-11,0.26428214367479086
2018-02-12,-0.9077893309295177
2018-02-13,0.07053481694310904
2018-02-14,0.17054403945803642
2018-02-16,-0.8473113998770714
2018-02-17,-0.2977891955524683
2018-02-19,0.01655288226902485
2018-02-20,0.17054403945803642
2018-02-21,-0.9077893309295177
2018-02-22,-0.8473113998770714
2018-02-24,0.5120114050805569
2018-02-26,0.34127772226929665
2018-02-27,-0.3383836802095175
2018-03-01,0.07053481694310904
2018-03-04,0.5120114050805569
2018-03-05,-0.41537925880402327
2018-03-06,-0.8473113998770714
2018-03-08,0.17054403945803642
2018-03-11,-0.8697770647704601
2018-03-12,0.09354846086353064
2018-03-14,-0.17888282984495163
2018-03-15,-0.42661209125071764
2018-03-19,0.26428214367479086
2018-03-21,0.17054403945803642
2018-03-22,-0.36862264573574066
2018-03-24,-0.8473113998770714
2018-03-25,-0.9077893309295177
2018-03-26,-0.19788896292448044
2018-03-28,0.14753039553761482
2018-03-31,-0.2675502300262451
2018-04-01,0.5120114050805569
2018-04-03,-0.8473113998770714
2018-04-04,-0.9077893309295177
2018-04-05,0.412111172452569
2018-04-06,0.01655288226902485
2018-04-09,-0.2787830624729395
2018-04-10,-0.3613973241299391
2018-04-11,0.31221093982458115
2018-04-12,-0.3613973241299391
2018-04-14,-0.41537925880402327
2018-04-15,0.09354846086353064
2018-04-17,-0.19788896292448044
2018-04-20,0.17054403945803642
2018-04-21,0.31826407834887505
2018-04-22,-0.8585442323237658
2018-04-23,-0.8697770647704601
2018-04-24,0.164381911046803
2018-04-27,-0.8697770647704601
2018-04-28,-0.8473113998770714
2018-04-30,0.26428214367479086
2018-05-05,-0.41537925880402327
2018-05-07,-0.9077893309295177
2018-05-08,-0.8697770647704601
2018-05-10,-0.19788896292448044
2018-05-12,-0.9077893309295177
2018-05-13,-0.8697770647704601
2018-05-16,0.5120114050805569
2018-05-17,-0.16764999739825726
2018-05-19,-0.9077893309295177
2018-05-20,0.01655288226902485
2018-05-22,0.24137748964130878
2018-05-23,-0.9077893309295177
2018-05-24,0.01655288226902485
2018-05-25,-0.8473113998770714
2018-05-26,0.12451675161719322
2018-05-27,0.31221093982458115
2018-05-28,-0.16764999739825726
2018-05-29,0.17054403945803642
2018-05-31,-0.2675502300262451
2018-06-01,0.31221093982458115
2018-06-02,-0.8775503654032946
2018-06-03,0.5120114050805569
2018-06-04,0.31221093982458115
2018-06-05,0.31221093982458115
2018-06-06,-0.19788896292448044
2018-06-07,0.01655288226902485
2018-06-09,0.164381911046803
2018-06-10,-0.9077893309295177
2018-06-12,0.09354846086353064
2018-06-16,0.01655288226902485
2018-06-18,0.09354846086353064
2018-06-19,0.01655288226902485
2018-06-20,-0.2977891955524683
2018-06-21,0.01655288226902485
2018-06-22,0.31221093982458115
2018-06-23,0.26428214367479086
2018-06-24,0.17054403945803642
2018-06-25,0.17054403945803642
2018-06-26,0.26428214367479086
2018-06-27,-0.8697770647704601
2018-06-28,-0.39163628965616226
2018-06-29,0.31826407834887505
2018-07-01,0.412111172452569
2018-07-02,0.5120114050805569
2018-07-03,-0.8473113998770714
2018-07-04,0.164381911046803
2018-07-05,0.17054403945803642
2018-07-07,-0.8473113998770714
2018-07-08,0.01655288226902485
2018-07-10,0.01655288226902485
2018-07-11,-0.8697770647704601
2018-07-12,-0.9077893309295177
2018-07-13,-0.41537925880402327
2018-07-14,0.12451675161719322
2018-07-15,0.12451675161719322
2018-07-18,-0.16764999739825726
2018-07-19,-0.41537925880402327
2018-07-20,0.5120114050805569
2018-07-22,0.164381911046803
2018-07-23,-0.8473113998770714
2018-07-24,0.31826407834887505
2018-07-25,-0.8473113998770714
2018-07-27,0.164381911046803
2018-07-29,-0.42661209125071764
2018-07-31,-0.34961651265621185
2018-08-01,-0.8473113998770714
2018-08-03,-0.8473113998770714
2018-08-04,0.12451675161719322
2018-08-08,0.01655288226902485
2018-08-09,-0.41537925880402327
2018-08-11,0.31221093982458115
2018-08-13,-0.2787830624729395
2018-08-14,-0.39163628965616226
2018-08-15,-0.41537925880402327
2018-08-17,0.17054403945803642
2018-08-18,-0.9077893309295177
2018-08-19,0.07053481694310904
2018-08-20,-0.9077893309295177
2018-08-21,0.01655288226902485
2018-08-22,0.34127772226929665
2018-08-25,-0.9077893309295177
2018-08-26,0.5120114050805569
2018-08-27,0.21836384572088718
2018-08-29,0.17054403945803642
2018-09-02,0.5120114050805569
2018-09-04,-0.8775503654032946
2018-09-05,-0.8887831978499889
2018-09-07,0.31826407834887505
2018-09-09,-0.8473113998770714
2018-09-11,0.12451675161719322
2018-09-12,0.17054403945803642
2018-09-13,-0.2977891955524683
2018-09-15,0.31221093982458115
2018-09-16,0.31221093982458115
2018-09-18,0.14753039553761482
2018-09-20,0.31221093982458115
2018-09-23,-0.44561822433024645
2018-09-28,0.01655288226902485
2018-09-29,0.09354846086353064
2018-10-01,-0.37263015657663345
2018-10-02,-0.41537925880402327
2018-10-03,0.01655288226902485
2018-10-04,0.34127772226929665
2018-10-05,-0.17888282984495163
2018-10-07,-0.16764999739825726
2018-10-09,0.17054403945803642
2018-10-11,0.5120114050805569
2018-10-13,-0.9077893309295177
2018-10-14,-0.8697770647704601
2018-10-16,-0.8887831978499889
2018-10-17,0.34127772226929665
2018-10-18,0.34127772226929665
2018-10-19,0.01655288226902485
2018-10-20,0.12451675161719322
2018-10-21,-0.8473113998770714
2018-10-22,0.31221093982458115
2018-10-27,0.31221093982458115
2018-10-29,0.412111172452569
2018-10-31,0.12451675161719322
2018-11-02,0.5120114050805569
2018-11-05,-0.8775503654032946
2018-11-06,0.01655288226902485
2018-11-08,-0.19788896292448044
2018-11-10,-0.41537925880402327
2018-11-11,-0.8473113998770714
2018-11-13,-0.8473113998770714
2018-11-14,0.12451675161719322
2018-11-15,0.31221093982458115
2018-11-16,0.01655288226902485
2018-11-17,-0.8887831978499889
2018-11-19,-0.16764999739825726
2018-11-22,0.31221093982458115
2018-11-23,0.5120114050805569
2018-11-24,-0.9077893309295177
2018-11-25,-0.8473113998770714
2018-11-26,-0.41537925880402327
2018-11-28,0.12451675161719322
2018-11-29,0.5120114050805569
2018-11-30,0.01655288226902485
2018-12-01,0.17054403945803642
2018-12-02,0.12451675161719322
2018-12-03,-0.8697770647704601
2018-12-04,-0.8473113998770714
2018-12-06,-0.42661209125071764
2018-12-07,-0.41537925880402327
2018-12-09,0.31221093982458115
2018-12-10,0.5120114050805569
2018-12-12,0.31221093982458115
2018-12-13,0.12451675161719322
2018-12-14,0.01655288226902485
2018-12-16,0.21836384572088718
2018-12-18,0.17054403945803642
2018-12-20,0.5120114050805569
2018-12-21,0.09354846086353064
2018-12-22,0.17054403945803642
2018-12-24,0.17054403945803642
2018-12-25,-0.8887831978499889
2018-12-26,0.17054403945803642
2018-12-28,0.17054403945803642
2018-12-30,0.31221093982458115
2018-12-31,0.34127772226929665
2019-01-01,-0.34961651265621185
2019-01-02,0.01655288226902485
2019-01-03,-0.8697770647704601
2019-01-04,-0.9077893309295177
2019-01-05,-0.9077893309295177
2019-01-06,-0.16764999739825726
2019-01-07,0.412111172452569
2019-01-08,0.17054403945803642
2019-01-09,-0.8473113998770714
2019-01-11,-0.9077893309295177
2019-01-12,0.01655288226902485
2019-01-13,0.5120114050805569
2019-01-14,-0.8887831978499889
2019-01-19,0.12451675161719322
2019-01-20,0.01655288226902485
2019-01-22,-0.37263015657663345
2019-01-23,-0.9077893309295177
2019-01-24,0.412111172452569
2019-01-25,-0.17888282984495163
2019-01-26,-0.34961651265621185
2019-01-27,0.01655288226902485
2019-01-28,-0.3383836802095175
2019-01-30,-0.2787830624729395
2019-02-01,-0.2787830624729395
2019-02-04,-0.2675502300262451
2019-02-06,0.31221093982458115
2019-02-08,-0.8473113998770714
2019-02-09,0.5120114050805569
2019-02-10,-0.9077893309295177
2019-02-11,-0.8775503654032946
2019-02-12,-0.8585442323237658
2019-02-15,0.01655288226902485
2019-02-16,-0.8697770647704601
2019-02-17,0.31826407834887505
2019-02-18,-0.36862264573574066
2019-02-19,-0.2675502300262451
2019-02-20,0.01655288226902485
2019-02-21,0.31221093982458115
2019-02-23,-0.2675502300262451
2019-02-24,0.01655288226902485
2019-02-25,0.26428214367479086
2019-02-27,0.01655288226902485
2019-02-28,-0.9077893309295177
2019-03-02,-0.8775503654032946
2019-03-04,-0.19788896292448044
2019-03-05,-0.8473113998770714
2019-03-06,-0.37263015657663345
2019-03-08,0.164381911046803
2019-03-10,0.26428214367479086
2019-03-11,-0.37263015657663345
2019-03-12,0.17054403945803642
2019-03-13,0.5120114050805569
2019-03-15,-0.19788896292448044
2019-03-16,0.01655288226902485
2019-03-18,-0.37263015657663345
2019-03-20,0.07053481694310904
2019-03-22,-0.8697770647704601
2019-03-24,0.31221093982458115
2019-03-25,-0.3383836802095175
2019-03-27,0.26428214367479086
2019-03-28,0.12451675161719322
2019-03-29,-0.2787830624729395
2019-03-30,-0.9077893309295177
2019-03-31,0.17054403945803642
2019-04-01,0.12451675161719322
2019-04-02,0.5120114050805569
2019-04-03,0.24137748964130878
2019-04-05,-0.9077893309295177
2019-04-07,-0.9077893309295177
2019-04-09,-0.17888282984495163
2019-04-10,0.12451675161719322
2019-04-11,-0.19788896292448044
2019-04-12,-0.8473113998770714
2019-04-14,-0.34961651265621185
2019-04-15,0.21836384572088718
2019-04-16,-0.8697770647704601
2019-04-17,-0.2977891955524683
2019-04-18,0.412111172452569
2019-04-20,0.07053481694310904
2019-04-22,-0.2977891955524683
2019-04-24,-0.9077893309295177
2019-04-25,0.412111172452569
2019-04-26,-0.39163628965616226
2019-04-27,-0.9077893309295177
2019-04-28,-0.37263015657663345
2019-04-29,-0.8697770647704601
2019-04-30,-0.16764999739825726
2019-05-02,-0.8887831978499889
2019-05-04,-0.8585442323237658
2019-05-05,-0.16764999739825726
2019-05-06,0.14753039553761482
2019-05-08,-0.9077893309295177
2019-05-09,-0.17888282984495163
2019-05-10,-0.8697770647704601
2019-05-12,0.5120114050805569
2019-05-13,0.31221093982458115
2019-05-14,0.17054403945803642
2019-05-15,0.5120114050805569
2019-05-16,0.17054403945803642
2019-05-17,-0.2675502300262451
2019-05-23,0.12451675161719322
2019-05-24,-0.8697770647704601
2019-05-25,-0.3383836802095175
2019-05-26,-0.9077893309295177
2019-05-28,-0.8473113998770714
2019-05-29,0.12451675161719322
2019-05-30,0.01655288226902485
2019-05-31,0.07053481694310904
2019-06-01,0.31221093982458115
2019-06-02,0.01655288226902485
2019-06-04,-0.9077893309295177
2019-06-05,-0.3613973241299391
2019-06-06,0.01655288226902485
2019-06-09,0.24137748964130878
2019-06-10,0.01655288226902485
2019-06-11,-0.36862264573574066
2019-06-12,-0.8697770647704601
2019-06-15,-0.8697770647704601
2019-06-17,-0.8775503654032946
2019-06-18,0.26428214367479086
2019-06-19,0.26428214367479086
2019-06-20,0.34127772226929665
2019-06-21,-0.2675502300262451
2019-06-22,0.31221093982458115
2019-06-23,-0.2787830624729395
2019-06-25,-0.8775503654032946
2019-06-26,-0.9077893309295177
2019-06-28,0.412111172452569
2019-06-29,0.5120114050805569
2019-06-30,0.17054403945803642
2019-07-01,-0.8473113998770714
2019-07-02,-0.17888282984495163
2019-07-03,0.12451675161719322
2019-07-04,-0.8697770647704601
2019-07-05,-0.8697770647704601
2019-07-06,0.01655288226902485
2019-07-08,0.12451675161719322
2019-07-12,0.07053481694310904
2019-07-14,-0.8697770647704601
2019-07-16,-0.44561822433024645
2019-07-18,-0.8775503654032946
2019-07-21,-0.2675502300262451
2019-07-23,0.17054403945803642
2019-07-24,-0.8585442323237658
2019-07-25,0.01655288226902485
2019-07-26,0.01655288226902485
2019-07-27,0.31826407834887505
2019-07-30,-0.8473113998770714
2019-07-31,-0.8473113998770714
2019-08-01,-0.44561822433024645
2019-08-04,0.31221093982458115
2019-08-06,-0.42661209125071764
2019-08-08,-0.42661209125071764
2019-08-09,-0.8697770647704601
2019-08-11,-0.8473113998770714
2019-08-12,0.01655288226902485
2019-08-14,0.17054403945803642
2019-08-16,-0.8473113998770714
2019-08-17,-0.3613973241299391
2019-08-19,-0.42661209125071764
2019-08-21,0.01655288226902485
2019-08-22,-0.8697770647704601
2019-08-25,-0.9077893309295177
2019-08-29,-0.9077893309295177
2019-08-30,-0.3383836802095175
2019-08-31,0.17054403945803642
2019-09-01,0.24137748964130878
2019-09-02,-0.8473113998770714
2019-09-03,-0.8473113998770714
2019-09-05,0.5120114050805569
2019-09-06,-0.3383836802095175
2019-09-07,0.31221093982458115
2019-09-10,0.5120114050805569
2019-09-12,-0.2787830624729395
2019-09-13,0.07053481694310904
2019-09-14,0.01655288226902485
2019-09-15,0.31826407834887505
2019-09-16,0.17054403945803642
2019-09-17,0.07053481694310904
2019-09-19,0.01655288226902485
2019-09-20,-0.8473113998770714
2019-09-22,-0.17888282984495163
2019-09-23,0.31221093982458115
2019-09-24,0.34127772226929665
2019-09-25,0.12451675161719322
2019-09-26,0.5120114050805569
2019-09-27,-0.2977891955524683
2019-09-28,0.17054403945803642
2019-09-29,-0.8697770647704601
2019-09-30,0.34127772226929665
2019-10-03,-0.8697770647704601
2019-10-05,0.26428214367479086
2019-10-08,0.12451675161719322
2019-10-09,-0.17888282984495163
2019-10-10,-0.3383836802095175
2019-10-11,-0.44561822433024645
2019-10-12,0.5120114050805569
2019-10-14,-0.9077893309295177
2019-10-15,0.17054403945803642
2019-10-16,-0.8697770647704601
2019-10-17,-0.8697770647704601
2019-10-18,-0.8473113998770714
2019-10-21,-0.36862264573574066
2019-10-22,-0.17888282984495163
2019-10-24,0.31826407834887505
2019-10-25,-0.8775503654032946
2019-10-27,0.12451675161719322
2019-10-31,-0.8585442323237658
2019-11-01,0.17054403945803642
2019-11-02,-0.8697770647704601
2019-11-03,-0.9077893309295177
2019-11-06,0.31221093982458115
2019-11-07,-0.36862264573574066
2019-11-10,0.5120114050805569
2019-11-12,0.12451675161719322
2019-11-13,0.01655288226902485
2019-11-14,-0.37263015657663345
2019-11-16,0.31221093982458115
2019-11-17,-0.8697770647704601
2019-11-18,-0.42661209125071764
2019-11-19,-0.8473113998770714
2019-11-20,-0.9077893309295177
2019-11-21,0.01655288226902485
2019-11-22,0.24137748964130878
2019-11-23,-0.34961651265621185
2019-11-25,0.17054403945803642
2019-11-26,-0.2675502300262451
2019-11-27,0.26428214367479086
2019-11-28,0.31221093982458115
2019-11-29,0.17054403945803642
2019-11-30,0.12451675161719322
2019-12-01,-0.3383836802095175
2019-12-04,-0.42661209125071764
2019-12-05,0.5120114050805569
2019-12-07,-0.34961651265621185
2019-12-08,0.31826407834887505
2019-12-12,0.17054403945803642
2019-12-13,-0.8473113998770714
2019-12-14,-0.8473113998770714
2019-12-15,0.5120114050805569
2019-12-16,-0.44561822433024645
2019-12-17,0.31221093982458115
2019-12-18,0.31221093982458115
2019-12-19,0.21836384572088718
2019-12-20,-0.9077893309295177
2019-12-22,0.07053481694310904
2019-12-25,0.21836384572088718
2019-12-28,0.24137748964130878
2019-12-29,-0.17888282984495163
2019-12-30,0.01655288226902485
2019-12-31,0.21836384572088718
2020-01-01,0.17054403945803642
2020-01-04,-0.8697770647704601
2020-01-05,0.24137748964130878
2020-01-06,-0.8887831978499889
2020-01-07,0.12451675161719322
2020-01-08,-0.8473113998770714
2020-01-09,-0.41537925880402327
2020-01-10,-0.37263015657663345
2020-01-12,-0.8697770647704601
2020-01-14,-0.8473113998770714
2020-01-16,-0.8473113998770714
2020-01-17,0.24137748964130878
2020-01-19,-0.42661209125071764
2020-01-20,-0.8697770647704601
2020-01-21,-0.44561822433024645
2020-01-22,0.01655288226902485
2020-01-23,0.01655288226902485
2020-01-24,0.17054403945803642
2020-01-26,0.01655288226902485
2020-01-27,0.31221093982458115
2020-01-28,0.31221093982458115
2020-01-30,-0.9077893309295177
2020-01-31,-0.8697770647704601
2020-02-02,-0.8697770647704601
2020-02-03,-0.8585442323237658
2020-02-04,-0.8887831978499889
2020-02-05,0.31221093982458115
2020-02-06,0.01655288226902485
2020-02-07,-0.8887831978499889
2020-02-09,0.24137748964130878
2020-02-10,-0.41537925880402327
2020-02-11,0.24137748964130878
2020-02-12,0.5120114050805569
2020-02-13,0.164381911046803
2020-02-15,-0.39163628965616226
2020-02-16,0.17054403945803642
2020-02-19,0.12451675161719322
2020-02-21,0.31826407834887505
2020-02-22,-0.8473113998770714
2020-02-23,0.14753039553761482
2020-02-24,0.17054403945803642
2020-02-25,0.5120114050805569
2020-02-29,0.31826407834887505
2020-03-01,0.01655288226902485
2020-03-02,0.24137748964130878
2020-03-03,0.31826407834887505
2020-03-04,0.31221093982458115
2020-03-05,0.17054403945803642
2020-03-06,-0.3383836802095175
2020-03-08,-0.8775503654032946
2020-03-09,0.17054403945803642
2020-03-10,0.21836384572088718
2020-03-12,-0.3613973241299391
2020-03-13,0.17054403945803642
2020-03-14,-0.9077893309295177
2020-03-15,0.31826407834887505
2020-03-16,0.5120114050805569
2020-03-17,0.412111172452569
2020-03-20,0.12451675161719322
2020-03-22,0.31221093982458115
2020-03-23,-0.8473113998770714
2020-03-24,-0.8697770647704601
2020-03-25,0.412111172452569
2020-03-27,0.5120114050805569
2020-03-29,0.21836384572088718
2020-03-30,0.01655288226902485
2020-04-01,-0.9077893309295177
2020-04-02,0.17054403945803642
2020-04-03,-0.8775503654032946
2020-04-05,0.31221093982458115
2020-04-07,-0.8697770647704601
2020-04-08,0.412111172452569
2020-04-09,0.31826407834887505
2020-04-12,0.21836384572088718
2020-04-13,-0.8473113998770714
2020-04-15,0.01655288226902485
2020-04-16,0.01655288226902485
2020-04-17,0.01655288226902485
2020-04-18,-0.41537925880402327
2020-04-19,-0.8697770647704601
2020-04-20,0.01655288226902485
2020-04-21,-0.36862264573574066
2020-04-23,0.17054403945803642
2020-04-24,0.31221093982458115
2020-04-26,0.01655288226902485
2020-04-27,0.01655288226902485
2020-04-28,-0.39163628965616226
2020-04-29,-0.9077893309295177
2020-04-30,-0.8697770647704601
2020-05-02,0.164381911046803
2020-05-08,0.5120114050805569
2020-05-09,0.01655288226902485
2020-05-11,0.01655288226902485
2020-05-12,-0.2675502300262451
2020-05-13,0.17054403945803642
2020-05-14,0.09354846086353064
2020-05-15,-0.8887831978499889
2020-05-16,-0.2977891955524683
2020-05-17,-0.16764999739825726
2020-05-21,-0.8473113998770714
2020-05-22,0.31826407834887505
2020-05-23,-0.44561822433024645
2020-05-27,0.12451675161719322
2020-05-28,-0.44561822433024645
2020-05-29,0.31221093982458115
2020-05-30,0.31221093982458115
2020-05-31,-0.3613973241299391
2020-06-01,-0.8697770647704601
2020-06-02,-0.36862264573574066
2020-06-04,0.5120114050805569
2020-06-06,0.12451675161719322
2020-06-07,-0.34961651265621185
2020-06-08,0.12451675161719322
2020-06-09,0.31221093982458115
2020-06-10,0.12451675161719322
2020-06-11,0.12451675161719322
2020-06-12,-0.34961651265621185
2020-06-13,0.01655288226902485
2020-06-15,0.17054403945803642
2020-06-16,0.12451675161719322
2020-06-17,0.5120114050805569
2020-06-19,0.12451675161719322
2020-06-22,0.01655288226902485
2020-06-25,0.5120114050805569
2020-06-27,-0.8473113998770714
2020-06-28,-0.8697770647704601
2020-06-29,-0.17888282984495163
2020-07-02,0.21836384572088718
2020-07-03,0.21836384572088718
2020-07-05,-0.8473113998770714
2020-07-07,-0.8473113998770714
2020-07-10,0.31221093982458115
2020-07-11,0.17054403945803642
2020-07-13,-0.8585442323237658
2020-07-14,-0.17888282984495163
2020-07-15,0.21836384572088718
2020-07-16,0.5120114050805569
2020-07-20,-0.2787830624729395
2020-07-21,0.17054403945803642
2020-07-22,-0.2977891955524683
2020-07-24,0.17054403945803642
2020-07-25,-0.17888282984495163
2020-07-26,0.09354846086353064
2020-07-27,-0.9077893309295177
2020-07-28,0.01655288226902485
2020-07-30,-0.34961651265621185
2020-07-31,-0.17888282984495163
2020-08-01,0.09354846086353064
2020-08-02,-0.9077893309295177
2020-08-03,0.17054403945803642
2020-08-04,0.12451675161719322
2020-08-05,-0.41537925880402327
2020-08-07,0.31221093982458115
2020-08-08,0.01655288226902485
2020-08-09,-0.9077893309295177
2020-08-11,0.412111172452569
2020-08-13,-0.42661209125071764
2020-08-14,-0.8473113998770714
2020-08-16,0.31221093982458115
2020-08-18,0.17054403945803642
2020-08-21,-0.8697770647704601
2020-08-22,-0.19788896292448044
2020-08-28,0.09354846086353064
2020-09-01,-0.41537925880402327
2020-09-02,0.17054403945803642
2020-09-05,-0.9077893309295177
2020-09-11,-0.8473113998770714
2020-09-12,0.5120114050805569
2020-09-14,-0.42661209125071764
2020-09-15,-0.3613973241299391
2020-09-16,0.412111172452569
2020-09-17,-0.8697770647704601
2020-09-18,-0.3383836802095175
2020-09-19,0.17054403945803642
2020-09-20,-0.9077893309295177
2020-09-23,-0.9077893309295177
2020-09-24,-0.17888282984495163
2020-09-25,0.12451675161719322
2020-09-26,0.17054403945803642
2020-09-29,-0.16764999739825726
2020-09-30,0.24137748964130878
2020-10-01,0.5120114050805569
2020-10-02,-0.8697770647704601
2020-10-04,-0.8697770647704601
2020-10-05,0.5120114050805569
2020-10-06,0.31826407834887505
2020-10-07,0.31221093982458115
2020-10-08,0.01655288226902485
2020-10-10,-0.8473113998770714
2020-10-11,-0.2977891955524683
2020-10-13,0.14753039553761482
2020-10-14,-0.8697770647704601
2020-10-16,0.21836384572088718
2020-10-17,0.12451675161719322
2020-10-18,0.31221093982458115
2020-10-19,-0.9077893309295177
2020-10-20,0.31221093982458115
2020-10-22,0.09354846086353064
2020-10-23,0.5120114050805569
2020-10-25,0.12451675161719322
2020-10-27,0.17054403945803642
2020-10-30,-0.2787830624729395
2020-10-31,-0.9077893309295177
2020-11-02,-0.8697770647704601
2020-11-03,-0.8697770647704601
2020-11-04,0.164381911046803
2020-11-05,-0.19788896292448044
2020-11-07,0.412111172452569
2020-11-09,-0.8473113998770714
2020-11-12,0.31221093982458115
2020-11-15,-0.42661209125071764
2020-11-16,0.31221093982458115
2020-11-20,0.07053481694310904
2020-11-22,-0.8473113998770714
2020-11-24,-0.8473113998770714
2020-11-25,0.412111172452569
2020-11-26,-0.9077893309295177
2020-11-27,-0.2977891955524683
2020-11-28,0.12451675161719322
2020-12-01,-0.8887831978499889
2020-12-02,0.5120114050805569
2020-12-05,-0.3613973241299391
2020-12-06,0.12451675161719322
2020-12-07,0.12451675161719322
2020-12-08,-0.2977891955524683
2020-12-09,-0.9077893309295177
2020-12-10,0.12451675161719322
2020-12-12,-0.2787830624729395
2020-12-14,-0.16764999739825726
2020-12-15,0.17054403945803642
2020-12-16,0.14753039553761482
2020-12-19,-0.34961651265621185
2020-12-21,0.5120114050805569
2020-12-22,-0.36862264573574066
2020-12-23,0.09354846086353064
2020-12-25,0.412111172452569
2020-12-27,0.164381911046803
2020-12-29,-0.8473113998770714
2020-12-30,0.01655288226902485
2020-12-31,0.31221093982458115
2021-01-02,0.14753039553761482
2021-01-04,-0.8775503654032946
2021-01-05,0.24137748964130878
2021-01-08,-0.17888282984495163
2021-01-09,-0.8473113998770714
2021-01-10,0.01655288226902485
2021-01-13,0.31826407834887505
2021-01-16,-0.8697770647704601
2021-01-17,0.12451675161719322
2021-01-19,-0.9077893309295177
2021-01-20,0.09354846086353064
2021-01-22,-0.2675502300262451
2021-01-23,-0.8473113998770714
2021-01-28,-0.8697770647704601
2021-01-29,-0.16764999739825726
2021-01-30,0.17054403945803642
2021-01-31,-0.8473113998770714
2021-02-01,-0.8473113998770714
2021-02-03,-0.8887831978499889
2021-02-04,0.24137748964130878
2021-02-05,-0.36862264573574066
2021-02-07,-0.42661209125071764
2021-02-10,-0.3613973241299391
2021-02-11,-0.9077893309295177
2021-02-13,0.21836384572088718
2021-02-15,0.09354846086353064
2021-02-16,-0.34961651265621185
2021-02-17,0.31221093982458115
2021-02-18,0.26428214367479086
2021-02-19,0.17054403945803642
2021-02-20,0.5120114050805569
2021-02-21,-0.9077893309295177
2021-02-22,-0.8473113998770714
2021-02-23,-0.19788896292448044
2021-02-24,0.5120114050805569
2021-02-25,0.17054403945803642
2021-02-26,-0.9077893309295177
2021-02-27,0.5120114050805569
2021-03-02,0.5120114050805569
2021-03-03,0.12451675161719322
2021-03-05,-0.16764999739825726
2021-03-07,-0.41537925880402327
2021-03-13,0.01655288226902485
2021-03-14,-0.8585442323237658
2021-03-16,0.12451675161719322
2021-03-18,0.31221093982458115
2021-03-19,-0.8473113998770714
2021-03-20,-0.2675502300262451
2021-03-21,0.24137748964130878
2021-03-26,-0.8473113998770714
2021-03-27,0.21836384572088718
2021-03-30,0.34127772226929665
2021-03-31,-0.8473113998770714
2021-04-01,0.21836384572088718
2021-04-03,0.12451675161719322
2021-04-04,-0.42661209125071764
2021-04-05,0.24137748964130878
2021-04-06,0.01655288226902485
2021-04-08,-0.17888282984495163
2021-04-09,-0.44561822433024645
2021-04-10,-0.9077893309295177
2021-04-11,0.31826407834887505
2021-04-12,0.24137748964130878
2021-04-14,0.17054403945803642
2021-04-15,0.17054403945803642
2021-04-16,0.01655288226902485
2021-04-17,0.01655288226902485
2021-04-19,-0.44561822433024645
2021-04-20,-0.3383836802095175
2021-04-21,0.412111172452569
2021-04-22,0.01655288226902485
2021-04-23,-0.8697770647704601
2021-04-24,0.34127772226929665
2021-04-26,0.31826407834887505
2021-04-28,-0.34961651265621185
2021-04-29,-0.17888282984495163
2021-04-30,-0.8473113998770714
2021-05-02,-0.42661209125071764
2021-05-03,0.5120114050805569
2021-05-06,0.01655288226902485
2021-05-08,0.17054403945803642
2021-05-09,0.12451675161719322
2021-05-10,0.17054403945803642
2021-05-12,0.01655288226902485
2021-05-13,-0.9077893309295177
2021-05-14,0.12451675161719322
2021-05-15,0.5120114050805569
2021-05-17,0.5120114050805569
2021-05-19,0.17054403945803642
2021-05-20,0.01655288226902485
2021-05-21,0.09354846086353064
2021-05-22,0.09354846086353064
2021-05-23,0.164381911046803
2021-05-24,0.31826407834887505
2021-05-25,-0.16764999739825726
2021-05-26,-0.8697770647704601
2021-05-27,-0.8697770647704601
2021-05-28,0.412111172452569
2021-05-29,0.01655288226902485
2021-05-30,0.01655288226902485
2021-05-31,0.17054403945803642
2021-06-02,0.01655288226902485
2021-06-03,0.31221093982458115
2021-06-04,-0.39163628965616226
2021-06-05,-0.3383836802095175
2021-06-06,0.5120114050805569
2021-06-07,-0.17888282984495163
2021-06-11,0.5120114050805569
2021-06-12,-0.17888282984495163
2021-06-13,-0.8697770647704601
2021-06-15,0.12451675161719322
2021-06-16,0.17054403945803642
2021-06-18,-0.8473113998770714
2021-06-19,0.12451675161719322
2021-06-20,0.12451675161719322
2021-06-22,-0.8887831978499889
2021-06-23,-0.9077893309295177
2021-06-24,0.17054403945803642
2021-06-25,0.12451675161719322
2021-06-26,-0.8697770647704601
2021-06-27,0.17054403945803642
2021-06-28,0.01655288226902485
2021-06-30,-0.8697770647704601
2021-07-01,-0.8697770647704601
2021-07-02,0.31826407834887505
2021-07-03,0.01655288226902485
2021-07-06,-0.8697770647704601
2021-07-07,0.34127772226929665
2021-07-08,0.24137748964130878
2021-07-10,-0.8697770647704601
2021-07-11,-0.9077893309295177
2021-07-12,-0.19788896292448044
2021-07-13,-0.8473113998770714
2021-07-15,0.12451675161719322
2021-07-16,-0.9077893309295177
2021-07-17,0.5120114050805569
2021-07-18,0.31221093982458115
2021-07-19,-0.2787830624729395
2021-07-20,-0.3613973241299391
2021-07-23,-0.8887831978499889
2021-07-24,-0.3383836802095175
2021-07-27,0.12451675161719322
2021-07-28,-0.37263015657663345
2021-07-31,0.01655288226902485
2021-08-01,-0.2977891955524683
2021-08-03,0.26428214367479086
2021-08-05,0.17054403945803642
2021-08-06,-0.8585442323237658
2021-08-08,0.17054403945803642
2021-08-09,-0.36862264573574066
2021-08-10,0.12451675161719322
2021-08-11,-0.8473113998770714
2021-08-13,0.17054403945803642
2021-08-14,-0.19788896292448044
2021-08-16,-0.8473113998770714
2021-08-17,-0.2977891955524683
2021-08-18,-0.2675502300262451
2021-08-20,0.5120114050805569
2021-08-24,0.31221093982458115
2021-08-26,-0.8473113998770714
2021-08-28,0.5120114050805569
2021-08-29,0.164381911046803
2021-08-30,0.09354846086353064
2021-08-31,0.5120114050805569
2021-09-02,-0.39163628965616226
2021-09-04,-0.8775503654032946
2021-09-06,0.34127772226929665
2021-09-07,-0.8775503654032946
2021-09-08,0.5120114050805569
2021-09-09,-0.34961651265621185
2021-09-11,-0.39163628965616226
2021-09-14,0.01655288226902485
2021-09-16,-0.8775503654032946
2021-09-17,-0.17888282984495163
2021-09-18,-0.8473113998770714
2021-09-19,-0.42661209125071764
2021-09-20,-0.37263015657663345
2021-09-21,-0.42661209125071764
2021-09-22,0.12451675161719322
2021-09-23,-0.42661209125071764
2021-09-24,0.34127772226929665
2021-09-26,0.31221093982458115
2021-09-28,-0.42661209125071764
2021-09-29,0.5120114050805569
2021-09-30,-0.8887831978499889
2021-10-01,0.07053481694310904
2021-10-03,-0.8473113998770714
2021-10-04,0.17054403945803642
2021-10-05,-0.9077893309295177
2021-10-06,0.01655288226902485
2021-10-07,0.5120114050805569
2021-10-08,0.24137748964130878
2021-10-10,0.164381911046803
2021-10-11,0.31221093982458115
2021-10-12,0.17054403945803642
2021-10-13,-0.8473113998770714
2021-10-14,-0.9077893309295177
2021-10-15,0.07053481694310904
2021-10-16,0.01655288226902485
2021-10-18,-0.8473113998770714
2021-10-19,-0.8697770647704601
2021-10-20,0.412111172452569
2021-10-21,0.01655288226902485
2021-10-22,0.14753039553761482
2021-10-23,-0.9077893309295177
2021-10-24,-0.9077893309295177
2021-10-26,0.17054403945803642
2021-10-28,-0.17888282984495163
2021-10-29,0.26428214367479086
2021-10-30,-0.16764999739825726
2021-11-01,0.31221093982458115
2021-11-02,-0.8473113998770714
2021-11-03,-0.8697770647704601
2021-11-04,0.12451675161719322
2021-11-05,0.5120114050805569
2021-11-06,0.01655288226902485
2021-11-07,-0.41537925880402327
2021-11-08,0.12451675161719322
2021-11-10,-0.17888282984495163
2021-11-12,-0.3613973241299391
2021-11-14,0.17054403945803642
2021-11-15,0.34127772226929665
2021-11-18,-0.9077893309295177
2021-11-19,0.17054403945803642
2021-11-22,-0.8473113998770714
2021-11-23,0.5120114050805569
2021-11-24,0.14753039553761482
2021-11-25,-0.8697770647704601
2021-11-27,0.21836384572088718
2021-11-28,0.21836384572088718
2021-11-29,-0.37263015657663345
2021-11-30,0.09354846086353064
2021-12-03,0.01655288226902485
2021-12-05,0.01655288226902485
2021-12-06,-0.34961651265621185
2021-12-07,0.01655288226902485
2021-12-09,-0.36862264573574066
2021-12-13,-0.8473113998770714
2021-12-16,0.34127772226929665
2021-12-17,0.31221093982458115
2021-12-18,-0.8473113998770714
2021-12-20,0.5120114050805569
2021-12-22,0.01655288226902485
2021-12-23,0.01655288226902485
2021-12-24,-0.8697770647704601
2021-12-25,0.31221093982458115
2021-12-26,0.09354846086353064
2021-12-27,-0.2675502300262451
2021-12-29,-0.8473113998770714
2021-12-30,0.17054403945803642
2021-12-31,-0.9077893309295177
2022-01-01,-0.16764999739825726
2022-01-02,-0.8887831978499889
2022-01-05,-0.3613973241299391
2022-01-06,0.07053481694310904
2022-01-07,0.31221093982458115
2022-01-08,0.01655288226902485
2022-01-11,0.412111172452569
2022-01-12,0.12451675161719322
2022-01-13,-0.41537925880402327
2022-01-14,0.17054403945803642
2022-01-15,-0.8697770647704601
2022-01-18,-0.36862264573574066
2022-01-21,-0.9077893309295177
2022-01-23,-0.17888282984495163
2022-01-24,-0.9077893309295177
2022-01-26,0.21836384572088718
2022-01-27,-0.8697770647704601
2022-01-28,0.17054403945803642
2022-01-30,0.5120114050805569
2022-01-31,0.31826407834887505
2022-02-01,0.24137748964130878
2022-02-03,-0.8473113998770714
2022-02-06,0.01655288226902485
2022-02-08,-0.2787830624729395
2022-02-09,-0.19788896292448044
2022-02-10,0.01655288226902485
2022-02-11,0.21836384572088718
2022-02-12,-0.8697770647704601
2022-02-16,0.14753039553761482
2022-02-17,-0.3383836802095175
2022-02-18,0.01655288226902485
2022-02-22,-0.8697770647704601
2022-02-23,0.31221093982458115
2022-02-24,-0.8473113998770714
2022-02-25,-0.2787830624729395
2022-02-28,0.5120114050805569
2022-03-03,-0.8473113998770714
2022-03-04,-0.34961651265621185
2022-03-09,0.07053481694310904
2022-03-15,0.17054403945803642
2022-03-17,0.31826407834887505
2022-03-18,0.31221093982458115
2022-03-20,0.01655288226902485
2022-03-21,0.17054403945803642
2022-03-22,0.5120114050805569
2022-03-23,0.12451675161719322
2022-03-24,0.12451675161719322
2022-03-25,0.5120114050805569
2022-03-26,0.17054403945803642
2022-03-28,-0.3613973241299391
2022-03-29,-0.9077893309295177
2022-03-30,0.5120114050805569
2022-04-01,0.164381911046803
2022-04-03,0.17054403945803642
2022-04-04,0.164381911046803
2022-04-05,0.5120114050805569
2022-04-10,-0.37263015657663345
2022-04-11,-0.8697770647704601
2022-04-12,0.31826407834887505
2022-04-14,0.17054403945803642
2022-04-17,-0.34961651265621185
2022-04-18,-0.8887831978499889
2022-04-21,-0.2787830624729395
2022-04-23,-0.9077893309295177
2022-04-24,0.01655288226902485
2022-04-25,-0.2675502300262451
2022-04-26,0.01655288226902485
2022-04-27,0.31221093982458115
2022-04-29,0.17054403945803642
2022-05-01,0.07053481694310904
2022-05-03,0.12451675161719322
2022-05-05,-0.36862264573574066
2022-05-06,0.17054403945803642
2022-05-07,0.5120114050805569
2022-05-08,-0.9077893309295177
2022-05-09,0.12451675161719322
2022-05-10,0.12451675161719322
2022-05-11,0.01655288226902485
2022-05-12,0.01655288226902485
2022-05-13,0.12451675161719322
2022-05-15,-0.8473113998770714
2022-05-17,0.17054403945803642
2022-05-18,0.12451675161719322
2022-05-19,0.17054403945803642
2022-05-20,-0.8775503654032946
2022-05-21,0.26428214367479086
2022-05-22,0.09354846086353064
2022-05-23,0.07053481694310904
2022-05-24,0.09354846086353064
2022-05-25,-0.8775503654032946
2022-05-26,-0.37263015657663345
2022-05-29,-0.2977891955524683
2022-05-31,0.5120114050805569
2022-06-01,-0.2675502300262451
2022-06-02,0.5120114050805569
2022-06-03,0.17054403945803642
2022-06-05,-0.34961651265621185
2022-06-06,-0.8473113998770714
2022-06-07,-0.9077893309295177
2022-06-08,-0.9077893309295177
2022-06-10,0.31221093982458115
2022-06-11,-0.39163628965616226
2022-06-12,-0.8473113998770714
2022-06-13,0.01655288226902485
2022-06-14,0.5120114050805569
2022-06-15,0.14753039553761482
2022-06-18,-0.2977891955524683
2022-06-19,0.17054403945803642
2022-06-20,-0.41537925880402327
2022-06-22,0.21836384572088718
2022-06-23,-0.36862264573574066
2022-06-24,0.07053481694310904
2022-06-25,0.12451675161719322
2022-06-26,-0.9077893309295177
2022-06-27,0.12451675161719322
2022-06-29,0.17054403945803642
2022-06-30,0.12451675161719322
2022-07-01,-0.9077893309295177
2022-07-02,0.17054403945803642
2022-07-03,-0.42661209125071764
2022-07-05,-0.3383836802095175
2022-07-07,-0.8775503654032946
2022-07-08,0.12451675161719322
2022-07-09,0.5120114050805569
2022-07-11,-0.37263015657663345
2022-07-16,0.21836384572088718
2022-07-18,-0.8697770647704601
2022-07-19,-0.42661209125071764
2022-07-20,-0.8473113998770714
2022-07-21,-0.2675502300262451
2022-07-24,-0.9077893309295177
2022-07-25,0.31221093982458115
2022-07-26,-0.19788896292448044
2022-07-28,0.31221093982458115
2022-07-29,0.14753039553761482
2022-07-30,0.5120114050805569
2022-07-31,0.26428214367479086
2022-08-01,0.12451675161719322
2022-08-02,-0.8697770647704601
2022-08-03,-0.36862264573574066
2022-08-05,0.01655288226902485
2022-08-09,-0.19788896292448044
2022-08-10,-0.34961651265621185
2022-08-11,0.5120114050805569
2022-08-12,0.412111172452569
2022-08-13,0.24137748964130878
2022-08-14,0.31221093982458115
2022-08-17,0.31221093982458115
2022-08-18,-0.2787830624729395
2022-08-21,-0.17888282984495163
2022-08-22,-0.2977891955524683
2022-08-26,-0.37263015657663345
2022-08-27,0.01655288226902485
2022-08-28,0.01655288226902485
2022-08-29,0.12451675161719322
2022-08-30,0.09354846086353064
2022-09-01,0.17054403945803642
2022-09-03,-0.36862264573574066
2022-09-04,-0.9077893309295177
2022-09-06,0.01655288226902485
2022-09-07,0.31221093982458115
2022-09-08,-0.8887831978499889
2022-09-09,0.12451675161719322
2022-09-11,-0.8697770647704601
2022-09-12,0.412111172452569
2022-09-13,-0.2787830624729395
2022-09-14,-0.39163628965616226
2022-09-16,0.01655288226902485
2022-09-17,0.5120114050805569
2022-09-18,-0.8697770647704601
2022-09-19,0.12451675161719322
2022-09-21,0.34127772226929665
2022-09-22,0.21836384572088718
2022-09-24,0.5120114050805569
2022-09-26,-0.8775503654032946
2022-09-27,0.17054403945803642
2022-09-29,0.12451675161719322
2022-09-30,0.01655288226902485
2022-10-01,-0.8697770647704601
2022-10-02,-0.8697770647704601
2022-10-03,-0.9077893309295177
2022-10-04,-0.8697770647704601
2022-10-06,0.17054403945803642
2022-10-07,-0.8473113998770714
2022-10-08,0.5120114050805569
2022-10-10,-0.8473113998770714
2022-10-11,0.5120114050805569
2022-10-12,-0.8473113998770714
2022-10-13,-0.9077893309295177
2022-10-14,-0.9077893309295177
2022-10-15,-0.34961651265621185
2022-10-19,-0.8473113998770714
2022-10-21,0.31221093982458115
2022-10-22,0.17054403945803642
2022-10-23,-0.9077893309295177
2022-10-24,-0.8473113998770714
2022-10-25,0.01655288226902485
2022-10-29,-0.8473113998770714
2022-10-30,-0.3383836802095175
2022-11-02,0.5120114050805569
2022-11-03,0.01655288226902485
2022-11-04,-0.8585442323237658
2022-11-06,0.17054403945803642
2022-11-08,0.09354846086353064
2022-11-10,0.31221093982458115
2022-11-12,-0.42661209125071764
2022-11-15,0.01655288226902485
2022-11-16,0.34127772226929665
2022-11-17,-0.3383836802095175
2022-11-21,-0.8473113998770714
2022-11-22,0.5120114050805569
2022-11-23,0.31826407834887505
2022-11-24,-0.8697770647704601
2022-11-25,0.01655288226902485
2022-11-27,-0.9077893309295177
2022-11-28,0.01655288226902485
2022-11-30,-0.44561822433024645
2022-12-01,0.01655288226902485
2022-12-02,-0.8473113998770714
2022-12-03,0.01655288226902485
2022-12-04,0.17054403945803642
2022-12-06,-0.8697770647704601
2022-12-08,-0.9077893309295177
2022-12-09,0.31221093982458115
2022-12-10,-0.36862264573574066
2022-12-12,-0.19788896292448044
2022-12-13,0.17054403945803642
2022-12-15,-0.2675502300262451
2022-12-16,0.17054403945803642
2022-12-17,0.412111172452569
2022-12-18,-0.8697770647704601
2022-12-19,0.17054403945803642
2022-12-20,-0.8473113998770714
2022-12-22,0.24137748964130878
2022-12-23,0.12451675161719322
2022-12-24,0.164381911046803
2022-12-25,0.31221093982458115
2022-12-26,-0.39163628965616226
2022-12-28,0.31221093982458115
2022-12-30,0.14753039553761482
2022-12-31,0.412111172452569
2023-01-01,-0.9077893309295177
2023-01-02,0.34127772226929665
2023-01-03,0.26428214367479086
2023-01-04,0.12451675161719322
2023-01-07,0.12451675161719322
2023-01-08,0.17054403945803642
2023-01-09,-0.9077893309295177
2023-01-10,0.5120114050805569
2023-01-13,-0.8473113998770714
2023-01-15,-0.17888282984495163
2023-01-16,0.34127772226929665
2023-01-17,-0.8473113998770714
2023-01-18,-0.8473113998770714
2023-01-19,-0.36862264573574066
2023-01-20,-0.39163628965616226
2023-01-21,0.31221093982458115
2023-01-24,0.412111172452569
2023-01-25,0.12451675161719322
2023-01-27,0.31826407834887505
2023-01-29,-0.8887831978499889
2023-01-31,-0.37263015657663345
2023-02-01,0.31221093982458115
2023-02-02,0.01655288226902485
2023-02-03,0.09354846086353064
2023-02-05,0.17054403945803642
2023-02-08,-0.16764999739825726
2023-02-09,0.01655288226902485
2023-02-10,-0.8697770647704601
2023-02-11,0.412111172452569
2023-02-12,-0.8473113998770714
2023-02-13,0.01655288226902485
2023-02-14,0.09354846086353064
2023-02-15,0.412111172452569
2023-02-17,0.07053481694310904
2023-02-19,0.26428214367479086
2023-02-23,0.31221093982458115
2023-02-24,-0.9077893309295177
2023-02-25,-0.2675502300262451
2023-02-26,-0.44561822433024645
2023-03-02,-0.2787830624729395
2023-03-04,-0.8473113998770714
2023-03-05,0.26428214367479086
2023-03-06,0.31221093982458115
2023-03-08,0.17054403945803642
2023-03-10,-0.3383836802095175
2023-03-11,-0.19788896292448044
2023-03-16,0.5120114050805569
2023-03-17,0.17054403945803642
2023-03-18,0.31221093982458115
2023-03-19,-0.19788896292448044
2023-03-20,0.01655288226902485
2023-03-24,-0.2675502300262451
2023-03-29,0.26428214367479086
2023-03-30,-0.9077893309295177
2023-04-01,-0.8473113998770714
2023-04-03,0.164381911046803
2023-04-04,-0.44561822433024645
2023-04-05,-0.8697770647704601
2023-04-06,-0.8887831978499889
2023-04-07,-0.8473113998770714
2023-04-08,-0.8697770647704601
2023-04-09,-0.3613973241299391
2023-04-10,0.07053481694310904
2023-04-11,0.17054403945803642
2023-04-12,0.31221093982458115
2023-04-13,-0.8697770647704601
2023-04-14,0.01655288226902485
2023-04-17,-0.36862264573574066
2023-04-19,-0.2977891955524683
2023-04-22,-0.36862264573574066
2023-04-24,-0.9077893309295177
2023-04-26,-0.2977891955524683
2023-04-27,0.17054403945803642
2023-04-28,-0.8697770647704601
2023-04-29,0.34127772226929665
2023-04-30,0.31221093982458115
2023-05-03,-0.8697770647704601
2023-05-04,-0.37263015657663345
2023-05-05,0.09354846086353064
2023-05-06,-0.8697770647704601
2023-05-08,0.12451675161719322
2023-05-10,0.24137748964130878
2023-05-12,-0.2675502300262451
2023-05-13,-0.8473113998770714
2023-05-14,-0.2787830624729395
2023-05-15,-0.34961651265621185
2023-05-16,0.31221093982458115
2023-05-19,0.5120114050805569
2023-05-20,0.164381911046803
2023-05-22,0.164381911046803
2023-05-23,-0.34961651265621185
2023-05-24,0.31221093982458115
2023-05-26,-0.16764999739825726
2023-05-27,0.26428214367479086
2023-05-28,0.34127772226929665
2023-05-29,-0.8473113998770714
2023-05-31,0.31221093982458115
2023-06-01,0.31826407834887505
2023-06-02,-0.34961651265621185
2023-06-03,-0.16764999739825726
2023-06-05,-0.8697770647704601
2023-06-06,-0.37263015657663345
2023-06-07,0.5120114050805569
2023-06-08,0.31221093982458115
2023-06-10,0.09354846086353064
2023-06-11,-0.16764999739825726
2023-06-13,0.17054403945803642
2023-06-14,-0.8697770647704601
2023-06-15,0.24137748964130878
2023-06-16,0.164381911046803
2023-06-17,0.17054403945803642
2023-06-18,-0.42661209125071764
2023-06-19,-0.2977891955524683
2023-06-21,0.17054403945803642
2023-06-22,0.14753039553761482
2023-06-24,0.12451675161719322
2023-06-25,0.12451675161719322
2023-06-26,0.5120114050805569
2023-06-28,-0.9077893309295177
2023-06-29,-0.2787830624729395
2023-06-30,0.412111172452569
2023-07-01,0.34127772226929665
2023-07-02,-0.3613973241299391
2023-07-03,-0.16764999739825726
2023-07-04,-0.2977891955524683
2023-07-05,0.12451675161719322
2023-07-06,-0.39163628965616226
2023-07-10,-0.36862264573574066
2023-07-11,0.01655288226902485
2023-07-12,0.5120114050805569
2023-07-13,0.12451675161719322
2023-07-14,-0.8473113998770714
2023-07-15,-0.2675502300262451
2023-07-16,0.07053481694310904
2023-07-17,-0.8697770647704601
2023-07-19,0.21836384572088718
2023-07-20,0.24137748964130878
2023-07-21,-0.9077893309295177
2023-07-22,0.01655288226902485
2023-07-23,0.17054403945803642
2023-07-24,-0.8697770647704601
2023-07-25,-0.8887831978499889
2023-07-27,0.5120114050805569
2023-07-28,0.5120114050805569
2023-07-29,0.01655288226902485
2023-08-01,0.14753039553761482
2023-08-02,0.31221093982458115
2023-08-03,0.21836384572088718
2023-08-05,0.01655288226902485
2023-08-06,-0.16764999739825726
2023-08-07,-0.17888282984495163
2023-08-08,-0.8887831978499889
2023-08-09,0.07053481694310904
2023-08-10,0.21836384572088718
2023-08-12,-0.8585442323237658
2023-08-13,-0.16764999739825726
2023-08-14,0.5120114050805569
2023-08-15,0.09354846086353064
2023-08-16,-0.8473113998770714
2023-08-20,0.5120114050805569
2023-08-22,-0.2787830624729395
2023-08-25,0.31221093982458115
2023-08-26,-0.8585442323237658
2023-08-27,0.17054403945803642
2023-08-28,0.5120114050805569
2023-08-31,-0.8473113998770714
2023-09-04,-0.41537925880402327
2023-09-06,0.5120114050805569
2023-09-08,0.21836384572088718
2023-09-10,0.01655288226902485
2023-09-13,-0.8473113998770714
2023-09-14,0.164381911046803
2023-09-16,0.24137748964130878
2023-09-17,0.01655288226902485
2023-09-18,0.5120114050805569
2023-09-21,0.17054403945803642
2023-09-22,0.01655288226902485
2023-09-23,0.412111172452569
2023-09-26,0.31221093982458115
2023-09-27,-0.8887831978499889
2023-09-28,0.14753039553761482
2023-09-30,0.17054403945803642
2023-10-01,0.31221093982458115
2023-10-03,-0.9077893309295177
2023-10-07,0.412111172452569
2023-10-08,0.01655288226902485
2023-10-09,-0.34961651265621185
2023-10-12,0.01655288226902485
2023-10-13,-0.8585442323237658
2023-10-14,0.12451675161719322
2023-10-17,-0.42661209125071764
2023-10-18,0.164381911046803
2023-10-19,-0.8775503654032946
2023-10-20,0.12451675161719322
2023-10-21,-0.8473113998770714
2023-10-22,-0.8473113998770714
2023-10-23,-0.8585442323237658
2023-10-24,0.12451675161719322
2023-10-25,0.34127772226929665
2023-10-26,-0.8697770647704601
2023-10-27,0.12451675161719322
2023-10-28,0.01655288226902485
2023-10-30,0.12451675161719322
2023-10-31,0.5120114050805569
2023-11-01,-0.17888282984495163
2023-11-03,-0.36862264573574066
2023-11-04,-0.8473113998770714
2023-11-05,-0.19788896292448044
2023-11-07,-0.42661209125071764
2023-11-09,-0.8473113998770714
2023-11-10,-0.8473113998770714
2023-11-12,-0.39163628965616226
2023-11-13,-0.44561822433024645
2023-11-15,-0.3383836802095175
2023-11-16,-0.37263015657663345
2023-11-17,-0.17888282984495163
2023-11-18,0.31221093982458115
2023-11-19,-0.36862264573574066
2023-11-20,-0.9077893309295177
2023-11-22,0.17054403945803642
2023-11-24,0.26428214367479086
2023-11-25,0.01655288226902485
2023-11-26,0.164381911046803
2023-11-27,-0.8775503654032946
2023-11-30,-0.39163628965616226
2023-12-01,0.31221093982458115
2023-12-02,-0.8473113998770714
2023-12-03,-0.17888282984495163
2023-12-04,-0.8697770647704601
2023-12-05,0.31826407834887505
2023-12-06,0.31221093982458115
2023-12-07,0.26428214367479086
2023-12-08,-0.3383836802095175
2023-12-09,0.07053481694310904
2023-12-10,0.5120114050805569
2023-12-11,-0.2675502300262451
2023-12-12,0.5120114050805569
2023-12-13,-0.8473113998770714
2023-12-14,0.09354846086353064
2023-12-15,0.12451675161719322
2023-12-17,-0.9077893309295177
2023-12-18,0.5120114050805569
2023-12-19,-0.36862264573574066
2023-12-20,0.12451675161719322
2023-12-21,-0.3613973241299391
2023-12-24,-0.42661209125071764
2023-12-25,0.17054403945803642
2023-12-26,-0.9077893309295177
2023-12-27,0.31221093982458115
2023-12-29,-0.39163628965616226
2023-12-30,0.21836384572088718
2024-01-01,-0.19788896292448044
2024-01-02,0.17054403945803642
2024-01-03,0.5120114050805569
2024-01-04,0.01655288226902485
2024-01-05,-0.41537925880402327
2024-01-10,0.12451675161719322
2024-01-11,-0.9077893309295177
2024-01-13,0.412111172452569
2024-01-14,-0.8887831978499889
2024-01-15,0.17054403945803642
2024-01-16,0.5120114050805569
2024-01-18,0.12451675161719322
2024-01-19,0.5120114050805569
2024-01-21,-0.8585442323237658
2024-01-22,0.34127772226929665
2024-01-23,0.31221093982458115
2024-01-25,0.5120114050805569
2024-01-26,-0.3613973241299391
2024-01-27,-0.8775503654032946
2024-01-29,0.09354846086353064
2024-01-30,0.5120114050805569
2024-01-31,0.12451675161719322
2024-02-01,0.09354846086353064
2024-02-02,0.17054403945803642
2024-02-04,0.07053481694310904
2024-02-05,-0.44561822433024645
2024-02-06,-0.9077893309295177
2024-02-07,-0.2675502300262451
2024-02-08,-0.8697770647704601
2024-02-09,-0.8697770647704601
2024-02-10,0.09354846086353064
2024-02-11,-0.9077893309295177
2024-02-14,-0.3613973241299391
2024-02-15,0.21836384572088718
2024-02-16,-0.9077893309295177
2024-02-17,0.24137748964130878
2024-02-18,0.09354846086353064
2024-02-19,-0.9077893309295177
2024-02-22,0.5120114050805569
2024-02-24,0.5120114050805569
2024-02-25,0.17054403945803642
2024-02-26,0.14753039553761482
2024-02-27,-0.9077893309295177
2024-02-28,-0.8473113998770714
2024-02-29,-0.8697770647704601
2024-03-02,-0.17888282984495163
2024-03-03,0.01655288226902485
2024-03-04,0.5120114050805569
2024-03-05,0.31221093982458115
2024-03-06,0.01655288226902485
2024-03-07,0.5120114050805569
2024-03-10,-0.42661209125071764
2024-03-11,0.09354846086353064
2024-03-12,0.01655288226902485
2024-03-14,-0.16764999739825726
2024-03-15,0.17054403945803642
2024-03-18,0.31221093982458115
2024-03-21,-0.8697770647704601
2024-03-23,0.31221093982458115
2024-03-24,0.31221093982458115
2024-03-25,0.12451675161719322
2024-03-29,-0.17888282984495163
2024-03-30,-0.8473113998770714
2024-03-31,0.17054403945803642
2024-04-01,0.31221093982458115
2024-04-03,-0.42661209125071764
2024-04-04,0.31221093982458115
2024-04-06,-0.8697770647704601
2024-04-08,-0.9077893309295177
2024-04-11,-0.39163628965616226
2024-04-12,0.12451675161719322
2024-04-13,0.01655288226902485
2024-04-14,0.31221093982458115
2024-04-16,0.24137748964130878
2024-04-17,0.09354846086353064
2024-04-18,0.09354846086353064
2024-04-19,0.01655288226902485
2024-04-20,0.31221093982458115
2024-04-24,0.5120114050805569
2024-04-25,-0.8473113998770714
2024-04-26,-0.9077893309295177
2024-04-27,0.17054403945803642
2024-04-28,0.412111172452569
2024-04-29,-0.8697770647704601
2024-04-30,-0.8473113998770714
2024-05-01,0.31221093982458115
2024-05-03,0.17054403945803642
2024-05-04,-0.8585442323237658
2024-05-05,0.01655288226902485
2024-05-07,0.26428214367479086
2024-05-10,0.21836384572088718
2024-05-11,-0.36862264573574066
2024-05-13,0.5120114050805569
2024-05-15,0.01655288226902485
2024-05-16,0.5120114050805569
2024-05-18,-0.42661209125071764
2024-05-19,-0.16764999739825726
2024-05-20,0.12451675161719322
2024-05-22,-0.16764999739825726
2024-05-23,-0.8697770647704601
2024-05-25,-0.8697770647704601
2024-05-26,-0.8473113998770714
2024-05-27,0.5120114050805569
2024-05-28,0.26428214367479086
2024-05-29,-0.9077893309295177
2024-05-30,0.12451675161719322
2024-05-31,-0.2675502300262451
2024-06-03,0.5120114050805569
2024-06-04,0.01655288226902485
2024-06-07,-0.8473113998770714
2024-06-09,0.34127772226929665
2024-06-10,0.01655288226902485
2024-06-12,0.24137748964130878
2024-06-16,0.412111172452569
2024-06-17,0.01655288226902485
2024-06-19,-0.44561822433024645
2024-06-20,-0.8585442323237658
2024-06-22,-0.8473113998770714
2024-06-23,0.12451675161719322
2024-06-24,-0.8473113998770714
2024-06-28,0.31221093982458115
2024-06-29,0.21836384572088718
2024-06-30,0.26428214367479086
2024-07-02,-0.19788896292448044
2024-07-05,-0.44561822433024645
2024-07-06,-0.41537925880402327
2024-07-07,-0.19788896292448044
2024-07-08,0.12451675161719322
2024-07-09,0.31221093982458115
2024-07-11,-0.8473113998770714
2024-07-12,-0.8697770647704601
2024-07-13,-0.8585442323237658
2024-07-14,0.24137748964130878
2024-07-15,-0.3383836802095175
2024-07-16,-0.9077893309295177
2024-07-18,-0.44561822433024645
2024-07-19,-0.39163628965616226
2024-07-20,-0.19788896292448044
2024-07-21,-0.8473113998770714
2024-07-23,0.09354846086353064
2024-07-24,0.17054403945803642
2024-07-25,-0.2787830624729395
2024-07-27,0.31221093982458115
2024-07-29,0.07053481694310904
2024-07-30,-0.37263015657663345
2024-07-31,-0.34961651265621185
2024-08-03,-0.9077893309295177
2024-08-04,-0.16764999739825726
2024-08-07,-0.8697770647704601
2024-08-10,-0.16764999739825726
2024-08-11,0.12451675161719322
2024-08-12,-0.2675502300262451
2024-08-13,0.12451675161719322
2024-08-14,0.24137748964130878
2024-08-15,0.01655288226902485
2024-08-17,-0.8697770647704601
2024-08-19,0.31826407834887505
2024-08-21,0.5120114050805569
2024-08-26,0.12451675161719322
2024-08-27,-0.9077893309295177
2024-08-29,0.01655288226902485
2024-08-30,0.5120114050805569
2024-08-31,-0.2675502300262451
2024-09-01,-0.9077893309295177
2024-09-03,-0.44561822433024645
2024-09-05,-0.9077893309295177
2024-09-06,-0.17888282984495163
2024-09-07,0.12451675161719322
2024-09-08,0.21836384572088718
2024-09-09,0.14753039553761482
2024-09-11,0.412111172452569
2024-09-12,0.5120114050805569
2024-09-14,0.01655288226902485
2024-09-15,0.5120114050805569
2024-09-16,-0.8473113998770714
2024-09-17,-0.17888282984495163
2024-09-18,0.12451675161719322
2024-09-21,-0.8697770647704601
2024-09-22,0.12451675161719322
2024-09-24,0.34127772226929665
2024-09-26,-0.39163628965616226
2024-09-28,0.12451675161719322
2024-09-30,-0.16764999739825726
2024-10-01,0.01655288226902485
2024-10-02,0.14753039553761482
2024-10-03,0.31221093982458115
2024-10-04,-0.9077893309295177
2024-10-05,0.5120114050805569
2024-10-06,-0.8697770647704601
2024-10-08,-0.37263015657663345
2024-10-10,-0.36862264573574066
2024-10-13,0.5120114050805569
2024-10-14,0.12451675161719322
2024-10-15,0.164381911046803
2024-10-16,0.21836384572088718
2024-10-17,-0.8697770647704601
2024-10-18,-0.8697770647704601
2024-10-19,0.01655288226902485
2024-10-21,0.31221093982458115
2024-10-22,-0.8697770647704601
2024-10-23,0.31826407834887505
2024-10-24,0.01655288226902485
2024-10-25,0.5120114050805569
2024-10-26,-0.8697770647704601
2024-10-29,0.31221093982458115
2024-10-30,-0.9077893309295177
2024-11-01,0.12451675161719322
2024-11-02,0.21836384572088718
2024-11-03,-0.36862264573574066
2024-11-05,-0.9077893309295177
2024-11-06,0.31221093982458115
2024-11-07,0.5120114050805569
2024-11-08,0.07053481694310904
2024-11-09,0.14753039553761482
2024-11-10,0.31221093982458115
2024-11-11,0.31221093982458115
2024-11-12,-0.3383836802095175
2024-11-13,-0.9077893309295177
2024-11-14,0.5120114050805569
2024-11-21,0.12451675161719322
2024-11-23,0.31221093982458115
2024-11-24,0.34127772226929665
2024-11-26,-0.9077893309295177
2024-11-27,-0.36862264573574066
2024-11-29,0.5120114050805569
2024-12-03,-0.8697770647704601
2024-12-06,0.31221093982458115
2024-12-08,-0.9077893309295177
2024-12-09,-0.37263015657663345
2024-12-11,0.17054403945803642
2024-12-12,0.01655288226902485
2024-12-13,-0.16764999739825726
2024-12-14,0.21836384572088718
2024-12-15,0.01655288226902485
2024-12-16,-0.3383836802095175
2024-12-17,-0.9077893309295177
2024-12-18,0.5120114050805569
2024-12-19,0.164381911046803
2024-12-22,-0.19788896292448044
2024-12-23,0.5120114050805569
2024-12-27,-0.2787830624729395
2024-12-28,-0.8585442323237658
2024-12-29,0.5120114050805569
2024-12-30,0.21836384572088718
2024-12-31,-0.8473113998770714
2025-01-01,-0.2675502300262451
2025-01-02,0.17054403945803642
2025-01-07,0.12451675161719322
2025-01-08,-0.8775503654032946
2025-01-09,0.17054403945803642
2025-01-10,-0.16764999739825726
2025-01-12,-0.36862264573574066
2025-01-13,0.31826407834887505
2025-01-15,0.01655288226902485
2025-01-16,0.31221093982458115
2025-01-17,0.01655288226902485
2025-01-18,0.12451675161719322
2025-01-22,-0.8697770647704601
2025-01-23,-0.8697770647704601
2025-01-24,0.31221093982458115
2025-01-25,0.164381911046803
2025-01-27,0.412111172452569
2025-01-29,-0.8887831978499889
2025-01-30,0.5120114050805569
2025-02-01,0.17054403945803642
2025-02-02,0.34127772226929665
2025-02-03,-0.8473113998770714
2025-02-04,-0.17888282984495163
2025-02-05,-0.8585442323237658
2025-02-06,-0.9077893309295177
2025-02-07,0.5120114050805569
2025-02-08,-0.8473113998770714
2025-02-10,0.12451675161719322
2025-02-12,0.5120114050805569
2025-02-13,0.31221093982458115
2025-02-14,-0.8697770647704601
2025-02-15,0.12451675161719322
2025-02-16,-0.8473113998770714
2025-02-17,-0.8585442323237658
2025-02-20,-0.9077893309295177
2025-02-21,0.12451675161719322
2025-02-22,-0.42661209125071764
2025-02-23,-0.44561822433024645
2025-02-24,-0.2787830624729395
2025-02-25,-0.9077893309295177
2025-02-26,0.01655288226902485
2025-02-27,-0.36862264573574066
2025-02-28,0.34127772226929665
2025-03-02,-0.8775503654032946
2025-03-03,0.31221093982458115
2025-03-07,-0.8697770647704601
2025-03-08,0.26428214367479086
2025-03-09,-0.39163628965616226
2025-03-10,0.17054403945803642
2025-03-11,-0.17888282984495163
2025-03-12,0.09354846086353064
2025-03-13,-0.9077893309295177
2025-03-16,-0.9077893309295177
2025-03-17,0.14753039553761482
2025-03-21,0.12451675161719322
2025-03-22,0.12451675161719322
2025-03-23,0.412111172452569
2025-03-25,-0.8473113998770714
2025-03-26,-0.42661209125071764
2025-03-29,0.01655288226902485
2025-03-31,0.21836384572088718
2025-04-01,-0.36862264573574066
2025-04-02,-0.8697770647704601
2025-04-04,-0.9077893309295177
2025-04-05,0.12451675161719322
2025-04-06,-0.9077893309295177
2025-04-07,0.12451675161719322
2025-04-09,-0.37263015657663345
2025-04-10,-0.41537925880402327
2025-04-11,-0.2675502300262451
2025-04-14,0.09354846086353064
2025-04-17,0.24137748964130878
2025-04-20,0.164381911046803
2025-04-21,-0.17888282984495163
2025-04-23,0.31221093982458115
2025-04-24,-0.2675502300262451
2025-04-25,0.17054403945803642
2025-04-26,-0.9077893309295177
2025-04-27,-0.8697770647704601
2025-04-30,0.17054403945803642
2025-05-05,0.31221093982458115
2025-05-06,0.17054403945803642
2025-05-07,0.17054403945803642
2025-05-08,0.12451675161719322
2025-05-09,0.12451675161719322
2025-05-10,-0.44561822433024645
2025-05-13,0.5120114050805569
2025-05-14,0.17054403945803642
2025-05-16,-0.44561822433024645
2025-05-17,-0.19788896292448044
2025-05-19,-0.9077893309295177
2025-05-21,0.31221093982458115
2025-05-22,0.24137748964130878
2025-05-23,0.17054403945803642
2025-05-24,0.01655288226902485
2025-05-27,0.12451675161719322
2025-05-29,-0.8473113998770714
2025-05-30,0.12451675161719322
2025-06-03,0.31221093982458115
2025-06-04,0.17054403945803642
2025-06-05,-0.44561822433024645
2025-06-06,0.01655288226902485
2025-06-08,-0.17888282984495163
2025-06-09,0.09354846086353064
2025-06-10,0.5120114050805569
2025-06-11,0.26428214367479086
2025-06-14,0.01655288226902485
2025-06-15,0.01655288226902485
2025-06-16,0.09354846086353064
2025-06-17,0.12451675161719322
2025-06-19,-0.41537925880402327
2025-06-22,-0.8585442323237658
2025-06-23,-0.41537925880402327
2025-06-24,-0.9077893309295177
2025-06-25,0.31221093982458115
2025-06-26,-0.8585442323237658
2025-06-27,0.17054403945803642
2025-07-02,0.14753039553761482
2025-07-04,0.31221093982458115
2025-07-05,0.21836384572088718
2025-07-06,-0.2977891955524683
2025-07-07,-0.8473113998770714
2025-07-08,-0.3383836802095175
2025-07-09,0.31221093982458115
2025-07-10,0.5120114050805569
2025-07-11,0.12451675161719322
2025-07-14,0.31826407834887505
2025-07-15,-0.36862264573574066
2025-07-17,-0.8473113998770714
2025-07-18,-0.42661209125071764
2025-07-20,-0.16764999739825726
2025-07-22,-0.39163628965616226
2025-07-25,-0.8887831978499889
2025-07-26,0.412111172452569
2025-07-27,0.17054403945803642
2025-07-28,-0.8473113998770714
2025-07-29,0.5120114050805569
2025-07-31,-0.8473113998770714
2025-08-01,-0.9077893309295177
2025-08-03,0.5120114050805569
2025-08-05,0.12451675161719322
2025-08-06,-0.9077893309295177
2025-08-07,0.12451675161719322
2025-08-08,-0.8473113998770714
2025-08-09,0.07053481694310904
2025-08-10,0.17054403945803642
2025-08-11,-0.8585442323237658
2025-08-13,0.34127772226929665
2025-08-15,-0.9077893309295177
2025-08-16,0.31221093982458115
2025-08-17,0.34127772226929665
2025-08-18,-0.8473113998770714
2025-08-19,0.12451675161719322
2025-08-20,0.31221093982458115
2025-08-21,-0.9077893309295177
2025-08-22,0.12451675161719322
2025-08-23,-0.44561822433024645
2025-08-25,-0.8697770647704601
2025-08-30,0.31221093982458115
2025-08-31,0.412111172452569
2025-09-01,-0.39163628965616226
2025-09-05,0.5120114050805569
2025-09-06,0.31221093982458115
2025-09-07,0.31221093982458115
2025-09-08,-0.8473113998770714
2025-09-09,0.31221093982458115
2025-09-11,-0.9077893309295177
2025-09-12,0.17054403945803642
2025-09-13,-0.9077893309295177
2025-09-14,-0.2977891955524683
2025-09-16,0.17054403945803642
2025-09-17,0.14753039553761482
2025-09-18,0.09354846086353064
2025-09-19,0.26428214367479086
2025-09-20,-0.8585442323237658
2025-09-21,-0.2675502300262451
2025-09-22,0.12451675161719322
2025-09-23,0.17054403945803642
2025-09-24,0.5120114050805569
2025-09-27,-0.37263015657663345
2025-09-28,0.164381911046803
2025-09-29,0.31221093982458115
2025-10-01,-0.17888282984495163
2025-10-02,0.31221093982458115
2025-10-04,-0.8697770647704601
2025-10-05,0.01655288226902485
2025-10-06,-0.8697770647704601
2025-10-07,-0.8775503654032946
2025-10-08,0.5120114050805569
2025-10-09,0.01655288226902485
2025-10-10,-0.16764999739825726
2025-10-13,-0.9077893309295177
2025-10-14,0.31826407834887505
2025-10-15,-0.17888282984495163
2025-10-16,-0.8697770647704601
2025-10-18,-0.8697770647704601
2025-10-19,0.07053481694310904
2025-10-21,0.31221093982458115
2025-10-22,-0.8697770647704601
2025-10-24,0.14753039553761482
2025-10-25,0.31221093982458115
2025-10-26,0.31826407834887505
2025-10-28,-0.9077893309295177
2025-10-29,0.34127772226929665
2025-10-31,0.31221093982458115
2025-11-02,0.14753039553761482
2025-11-03,-0.42661209125071764
2025-11-05,0.09354846086353064
2025-11-06,-0.9077893309295177
2025-11-07,-0.8473113998770714
2025-11-08,0.31221093982458115
2025-11-11,0.31826407834887505
2025-11-13,0.31221093982458115
2025-11-14,0.5120114050805569
2025-11-15,0.5120114050805569
2025-11-17,-0.9077893309295177
2025-11-18,-0.9077893309295177
2025-11-19,-0.8887831978499889
2025-11-20,0.5120114050805569
2025-11-23,-0.8775503654032946
2025-11-24,-0.42661209125071764
2025-11-25,-0.44561822433024645
2025-11-26,-0.9077893309295177
2025-11-27,-0.8697770647704601
2025-11-29,-0.8473113998770714
2025-12-02,0.5120114050805569
2025-12-03,-0.39163628965616226
2025-12-04,0.12451675161719322
2025-12-05,0.31221093982458115
2025-12-06,0.24137748964130878
2025-12-07,-0.8887831978499889
2025-12-08,-0.2977891955524683
2025-12-09,-0.2787830624729395
2025-12-10,-0.3613973241299391
2025-12-11,-0.8585442323237658
2025-12-12,-0.39163628965616226
2025-12-14,0.5120114050805569
2025-12-16,-0.8697770647704601
2025-12-17,0.34127772226929665
2025-12-20,-0.2787830624729395
2025-12-21,0.17054403945803642
2025-12-22,-0.41537925880402327
2025-12-23,-0.2977891955524683
2025-12-24,-0.37263015657663345
2025-12-28,0.5120114050805569
2025-12-30,-0.34961651265621185
2026-01-03,-0.8697770647704601
2026-01-04,0.31221093982458115
2026-01-06,-0.9077893309295177
2026-01-09,0.07053481694310904
2026-01-10,0.31221093982458115
2026-01-11,0.09354846086353064
2026-01-12,0.24137748964130878
2026-01-13,-0.2977891955524683
2026-01-14,0.17054403945803642
2026-01-15,-0.9077893309295177
2026-01-17,-0.2675502300262451
2026-01-19,0.31826407834887505
2026-01-20,-0.2787830624729395
2026-01-22,0.01655288226902485
2026-01-24,0.01655288226902485
2026-01-25,0.01655288226902485
2026-01-26,-0.8473113998770714
2026-01-27,0.31221093982458115
2026-01-29,0.5120114050805569
2026-01-30,-0.34961651265621185
2026-01-31,-0.8887831978499889
2026-02-01,0.14753039553761482
2026-02-02,0.31221093982458115
2026-02-03,-0.41537925880402327
2026-02-07,0.12451675161719322
2026-02-08,0.12451675161719322
2026-02-09,0.5120114050805569
